"Date","Candidates","NewsDesk","Category","Headline","SentScore(headline)","SentScore(abstract)","SentScore(lead)","SentScore(Avg)","Count"
"2019-06-01","Warren","national","politics","Fact-Checking Elizabeth Warren on the Campaign Trail",0.0,0.49,0.48,0.32,1317
"2019-06-02","Sanders","oped","opinion","Bernie Sanders: I Know Where I Came From. Does President Trump?",0.0,-0.42,0.13,-0.1,904
"2019-06-02","Warren","society","other","Corinne Warren, John Sawyer Jr.",0.0,0.0,0.53,0.18,200
"2019-06-02","Sanders","politics","politics","Bernie Sanders After Dark: Inside His First ‘Grass-Roots Fund-Raiser’",0.0,0.0,0.6,0.2,718
"2019-06-03","Warren","business","business","Elizabeth Warren Sticks Her Message in Big Tech’s Face",0.0,0.27,-0.53,-0.08,997
"2019-06-03","Buttigieg","politics","politics","Pete Buttigieg Finds a Friendly Crowd at MSNBC Town Hall",0.49,0.0,0.1,0.2,1109
"2019-06-03","Biden","politics","politics","Biden’s First Run for President Was a Calamity. Some Missteps Still Resonate.",0.0,0.53,-0.18,0.12,2937
"2019-06-05","Warren","politics","politics","Elizabeth Warren, on MSNBC, Calls Hyde Amendment an Assault on the ‘Most Vulnerable’ Women",-0.59,0.1,0.9,0.14,1025
"2019-06-04","Warren","politics","politics","Elizabeth Warren Proposes ‘Aggressive Intervention’ to Create Jobs",0.27,0.0,0.57,0.28,1147
"2019-06-04","Biden","bookreview","other","New & Noteworthy Audiobooks, From Jill Biden to Pete Rose",0.0,0.0,0.76,0.25,373
"2019-06-05","Biden","climate","other","What Biden’s Climate Plan Shows About the Democratic Field",0.0,0.15,0.46,0.2,792
"2019-06-05","Biden","politics","politics","Biden Still Backs Hyde Amendment, Which Bans Federal Funds for Abortions",-0.05,-0.56,-0.92,-0.51,1318
"2019-06-05","Warren","oped","opinion","I Want to Live in Elizabeth Warren’s America",0.08,-0.25,0.96,0.26,995
"2019-06-06","Biden","politics","politics","Democratic Candidates Go After Joe Biden, but Not by Name",0.0,0.08,0.18,0.09,1451
"2019-06-07","Biden","politics","politics","On Politics: Biden Reverses Hyde Stance",0.0,-0.05,0.44,0.13,479
"2019-06-06","Biden","politics","politics","Joe Biden’s Old-Fashioned Campaign",0.0,0.4,0.46,0.29,1306
"2019-06-07","Biden","politics","politics","Joe Biden Denounces Hyde Amendment, Reversing His Position",-0.44,0.32,-0.05,-0.06,743
"2019-06-07","Biden","politics","politics","What Is the Hyde Amendment? A Look at Its Impact as Biden Reverses His Stance",0.0,0.0,0.0,0.0,1376
"2019-06-06","Buttigieg","oped","opinion","Why Pete Buttigieg Is Wrong About the Supreme Court",0.13,0.38,0.55,0.35,1208
"2019-06-07","Bloomberg","climate","other","Michael Bloomberg Promises $500 Million to Help End Coal",0.65,0.78,0.78,0.74,949
"2019-06-08","Biden","politics","politics","Behind Biden’s Reversal on Hyde Amendment: Lobbying, Backlash and an Ally’s Call",-0.08,0.51,0.4,0.28,1706
"2019-06-11","Buttigieg","politics","politics","Buttigieg Outlines Foreign Policy Views, Urging End to ‘Endless War’",0.0,-0.08,0.38,0.1,677
"2019-06-11","Biden","nytnow","other","Trump-Biden, Botswana, World Cup: Your Tuesday Evening Briefing",0.0,0.0,0.0,0.0,1031
"2019-06-11","Biden","politics","politics","Trump and Biden Get Personal in Iowa Skirmish",0.0,-0.68,0.3,-0.13,1672
"2019-06-10","Warren","politics","politics","Elizabeth Warren Has Lots of Plans. Together, They Would Remake the Economy.",0.0,0.55,0.2,0.25,2080
"2019-06-10","Biden","washington","politics","Trump Needs a Target to Stay Interested in His Campaign. For Now, It’s Biden.",0.4,0.34,0.75,0.5,1323
"2019-06-11","Warren","nytnow","other","Elizabeth Warren, Golden State Warriors, Women’s World Cup: Your Tuesday Briefing",0.0,0.0,0.0,0.0,1400
"2019-06-12","Sanders","politics","politics","Bernie Sanders Calls His Brand of Socialism a Pathway to Beating Trump",-0.46,0.0,0.13,-0.11,1363
"2019-06-12","Biden","letters","other","Trump and Biden Exchange Jabs",0.0,-0.49,0.0,-0.16,210
"2019-06-12","Biden","culture","other","Stephen Colbert Finds It Ironic That Trump Called Biden a Dummy",-0.13,-0.32,0.95,0.17,616
"2019-06-12","Biden","politics","politics","On Politics: Biden vs. Trump",0.0,-0.75,0.44,-0.1,462
"2019-06-13","Sanders","washington","politics","Sarah Huckabee Sanders Leaving White House at the End of the Month",0.0,0.0,0.0,0.0,1499
"2019-06-13","Biden","politics","politics","Joe Biden Said He Did Not View Abortion ‘As a Choice and a Right’ in 2006",0.0,0.4,-0.28,0.04,493
"2019-06-14","Sanders","business","business","Sarah Huckabee Sanders, Steadfast Trump Fan, Never Wavered",0.51,0.42,0.32,0.42,769
"2019-06-13","Warren","oped","opinion","Liberal Wonks, or at Least Elizabeth Warren, Have a Plan for That",0.0,0.27,0.74,0.34,872
"2019-06-13","Biden","politics","politics","Joe Biden’s Lead in Iowa Polls Might Be More Fragile Than It Looks",0.0,0.53,0.84,0.46,1404
"2019-06-17","Biden","politics","politics","Why Joe Biden Thinks He Can Ignore His Many Democratic Rivals",-0.36,0.51,0.46,0.2,1442
"2019-06-15","Sanders","politics","politics","Democratic Debates, Sanders on Socialism, New Polls: This Week in the 2020 Race",0.0,0.0,0.0,0.0,800
"2019-06-17","Biden","business","business","DealBook Briefing: Why Wall Street Likes Mayor Pete (and Harris and Biden)",0.42,0.4,0.44,0.42,2135
"2019-06-17","Sanders","oped","opinion","Why Bernie Sanders Isn’t Afraid of ‘Socialism’",0.0,0.0,0.24,0.08,1288
"2019-06-17","Warren","magazine","other","Elizabeth Warren Is Completely Serious",-0.15,0.0,0.62,0.16,8179
"2019-06-18","Buttigieg","oped","opinion","Pete and Chasten Buttigieg Are a Traditional Wonder",0.0,0.0,0.78,0.26,987
"2019-06-18","Biden","politics","politics","Joe Biden Says His Campaign Has Raised Nearly $20 Million",0.0,0.0,0.0,0.0,344
"2019-06-18","Biden","politics","politics","Joe Biden Visits Stonewall, Saying the Fight for L.G.B.T. Rights Must Continue",-0.38,0.87,0.0,0.16,488
"2019-06-19","Buttigieg","politics","politics","Buttigieg Tells Police Recruits of the Burden of Racial Injustice",-0.77,-0.7,-0.85,-0.77,877
"2019-06-19","Biden","politics","politics","Biden, Recalling ‘Civility’ in Senate, Invokes Two Segregationist Senators",0.0,0.44,-0.23,0.07,1170
"2019-06-18","Sanders","oped","opinion","Sarah Huckabee Sanders Wants You to Know She Was Not Impressed",-0.37,0.32,0.0,-0.02,1437
"2019-06-18","Buttigieg","politics","politics","Pete Buttigieg Leaves Campaign Trail After Police Killing of Black Man in South Bend",-0.66,-0.23,-0.67,-0.52,460
"2019-06-18","Buttigieg","politics","politics","Pete Buttigieg’s Complicated History With the Police and African-Americans",0.0,-0.67,0.3,-0.12,812
"2019-06-20","Biden","politics","politics","Joe Biden Called Cory Booker. But Apologize? It’s Not the Biden Way.",0.15,-0.2,0.13,0.03,1481
"2019-06-21","Buttigieg","politics","politics","Buttigieg Leaves Campaign Trail After Fatal Shooting. Reality Rears Its Head.",-0.54,-0.25,0.18,-0.2,962
"2019-06-20","Biden","newsdesk","other","Iran, Biden, World Cup: Your Thursday Evening Briefing",0.0,0.0,0.0,0.0,1096
"2019-06-20","Biden","politics","politics","After Segregationists Remarks, Biden’s Support From Black Voters May Face Stress Test",-0.03,0.46,-0.6,-0.06,1398
"2019-06-21","Sanders","investigative","other","Jane Sanders and the Messy Demise of a Vermont College",-0.36,0.7,0.0,0.11,2321
"2019-06-20","Biden","politics","politics","Joe Biden and Democratic Rivals Exchange Attacks Over His Remarks on Segregationists",-0.44,0.44,-0.72,-0.24,1709
"2019-06-21","Biden","politics","politics","Biden Opposed Busing Despite Other Civil Rights Advocacy",0.0,0.0,0.0,0.0,1375
"2019-06-23","Buttigieg","politics","politics","At Town Hall, Pete Buttigieg Confronts Tensions Around South Bend Police Shooting",-0.56,-0.7,0.65,-0.2,1775
"2019-06-22","Biden","oped","opinion","How to Beat Joe Biden",0.0,-0.18,0.86,0.23,920
"2019-06-22","Biden","oped","opinion","Histrionics, Hysteria and Joe Biden",-0.44,-0.05,0.15,-0.11,852
"2019-06-22","Biden","politics","politics","Biden, in Interview with Sharpton, Tries to Defuse Criticism of Remarks on Segregationists",-0.44,-0.48,-0.53,-0.48,891
"2019-06-24","Sanders","washington","politics","Bernie Sanders Unveils Education Plan to Eliminate Student Loan Debt",-0.36,-0.54,0.57,-0.11,998
"2019-06-25","Buttigieg","upshot","opinion","Biggest Change in Race in 6 Months: A Name (Buttigieg) Is Now Known",0.0,0.0,0.13,0.04,648
"2019-06-24","Warren","national","politics","How Elizabeth Warren Learned to Fight",-0.38,0.0,0.48,0.03,2984
"2019-06-24","Warren","oped","opinion","Elizabeth Warren and Donald Trump Are Wrong About the Same Thing",-0.48,0.77,-0.76,-0.16,1124
"2019-06-25","Warren","politics","politics","Elizabeth Warren’s Latest Plan: Expanding Voting Access",0.0,0.0,0.76,0.25,757
"2019-06-25","Biden","investigative","other","‘Lock the S.O.B.s Up’: Joe Biden and the Era of Mass Incarceration",0.0,-0.36,-0.65,-0.34,4116
"2019-06-25","Sanders","washington","politics","Trump Names Stephanie Grisham, Aide to First Lady, as Sarah Sanders’s Successor",0.23,0.0,0.54,0.26,1235
"2019-06-25","Sanders","styles","other","Toasting Sarah Huckabee Sanders. By the Press. Really.",0.0,0.32,0.6,0.31,728
"2019-06-26","Warren","oped","opinion","Why I Was Wrong About Elizabeth Warren",-0.48,0.59,-0.38,-0.09,887
"2019-06-27","Warren","politics","politics","Elizabeth Warren on Breaking Up Big Tech",0.0,0.15,0.51,0.22,243
"2019-06-26","Biden","magazine","other","Biden’s Gaffes, and Why We Hate Politicians Talking About Us Behind Our Backs",-0.6,0.36,0.4,0.05,1163
"2019-06-27","Buttigieg","politics","politics","Gabbard and Buttigieg on Their Military Service",0.0,-0.34,0.0,-0.11,246
"2019-06-28","Biden","politics","politics","Joe Biden on Crime and Mass Incarceration",-0.54,-0.53,-0.61,-0.56,388
"2019-06-28","Biden","politics","politics","Transcript: Kamala Harris and Joe Biden Clash on Race and Busing",0.0,-0.36,-0.36,-0.24,836
"2019-06-28","Buttigieg","politics","politics","Pete Buttigieg and the South Bend Police",0.0,0.0,-0.9,-0.3,275
"2019-06-28","Biden","politics","politics","Kamala Harris Has Been Gearing Up for a Biden Showdown",0.0,0.59,0.85,0.48,1292
"2019-06-29","Biden","investigative","other","Trump Consultant Is Trolling Democrats With Biden Site That Isn’t Biden’s",0.0,-0.81,0.82,0.0,2327
"2019-06-27","Warren","oped","opinion","Elizabeth Warren Aced the First Democratic Debate",0.0,0.8,0.4,0.4,1225
"2019-06-28","Biden","culture","other","Colbert Says Joe Biden Got His Teeth Knocked Out at the Debate",0.0,-0.15,0.95,0.27,412
"2019-06-29","Biden","summary","other","Quotation of the Day: Biden, After a Bruising Debate, Defends Record on Civil Rights",0.0,0.0,0.36,0.12,59
"2019-06-28","Biden","politics","politics","Biden Comes Under Attack From All Sides in Democratic Debate",-0.48,-0.59,0.1,-0.32,2028
"2019-06-28","Biden","politics","politics","Kamala Harris Makes the Case That Joe Biden Should Pass That Torch to Her",0.0,0.0,-0.22,-0.07,1424
"2019-06-28","Biden","politics","politics","What We Know About Joe Biden’s Record on School Busing",0.0,0.0,-0.4,-0.13,1375
"2019-06-28","Buttigieg","oped","opinion","And Now, the Dream of a Harris-Buttigieg Ticket",0.25,0.0,0.0,0.08,1318
"2019-07-02","Biden","oped","opinion","Is Joe Biden 2020’s Jeb Bush?",0.0,-0.06,0.23,0.06,1748
"2019-07-02","Buttigieg","politics","politics","Pete Buttigieg Promises Range of Reforms to Address Systemic Racism",-0.36,-0.4,-0.51,-0.42,879
"2019-07-02","Warren","science","other","Elizabeth Warren Calls on Former F.D.A. Chief to Quit Pfizer Board",0.0,0.0,-0.05,-0.02,756
"2019-07-02","Buttigieg","politics","politics","On Politics: Pete Buttigieg’s Big 2nd Quarter",0.0,0.0,0.44,0.15,455
"2019-07-03","Buttigieg","politics","politics","Pete Buttigieg Proposes National Service Programs for Climate Change and Mental Health",0.0,0.48,0.36,0.28,548
"2019-07-03","Biden","podcasts","other","Joe Biden’s Record on Race",0.0,0.3,0.0,0.1,277
"2019-07-01","Biden","oped","opinion","The Vulnerability of Biden (and Bernie)",-0.23,0.54,0.0,0.11,718
"2019-07-03","Biden","politics","politics","Joe Biden Has Raised $21.5 Million, His 2020 Campaign Says",0.0,0.0,0.0,0.0,863
"2019-07-03","Biden","oped","opinion","Is Biden Doomed?",-0.64,0.0,0.0,-0.21,842
"2019-07-04","Biden","politics","politics","Joe Biden and Kamala Harris Bring Their Debate-Stage Fight to Iowa",-0.38,0.0,-0.53,-0.3,1536
"2019-07-07","Warren","politics","politics","Warren and Harris Rise in Democratic Primary, Challenging Male Front-Runners",0.15,0.38,0.44,0.33,1736
"2019-07-06","Buttigieg","politics","politics","Momentum for Harris, Big Haul for Buttigieg: This Week in the 2020 Race",0.0,0.0,0.0,0.0,1126
"2019-07-07","Biden","oped","opinion","The Bro-iness of Joe Biden",0.0,0.32,-0.35,-0.01,889
"2019-07-06","Biden","politics","politics","Biden, Under Fire on Race, Apologizes for Remarks on Segregationists",0.03,0.32,0.36,0.23,1162
"2019-07-06","Warren","politics","politics","Kamala Harris and Elizabeth Warren Introduce Racial Equity Plans",0.0,0.71,0.0,0.24,1047
"2019-07-06","Sanders","investigative","other","Outsider or Insider? How Bernie Sanders Learned to Walk the Line",0.0,-0.21,0.6,0.13,1777
"2019-07-09","Biden","oped","opinion","Joe Biden, Closet Republican",0.0,0.44,0.0,0.15,893
"2019-07-09","Biden","politics","politics","Joe Biden’s Tax Returns Show More Than $15 Million in Income After 2016",0.0,0.0,0.52,0.17,1228
"2019-07-11","Biden","politics","politics","Biden, in Foreign Policy Speech, Castigates Trump and Urges Global Diplomacy",0.0,0.0,0.0,0.0,1130
"2019-07-11","Warren","politics","politics","Elizabeth Warren’s Immigration Plan Takes Aim at Trump-Era Abuses",-0.56,0.0,-0.3,-0.28,1003
"2019-07-13","Sanders","oped","opinion","Saving Bernie Sanders",0.0,0.0,0.51,0.17,895
"2019-07-12","Sanders","politics","politics","Why Sanders Wanted His Meeting With a Rabbi Kept Secret",0.0,-0.15,-0.77,-0.31,1806
"2019-07-14","Biden","politics","politics","Joe Biden Decides He Doesn’t Need to Stay Above the Fray After All",0.0,-0.44,-0.4,-0.28,1522
"2019-07-15","Biden","politics","politics","Joe Biden, Echoing Obama, Pledges to Shore Up the Affordable Care Act",0.49,0.62,0.08,0.4,1154
"2019-07-15","Biden","express","other","A Brief History of Joe Biden and School Busing",0.0,0.2,-0.08,0.04,813
"2019-07-14","Buttigieg","politics","politics","Pete Buttigieg’s Life in the Closet",0.0,0.0,0.61,0.2,2691
"2019-07-15","Biden","politics","politics","How Joe Biden Became the Democrats’ Anti-Busing Crusader",0.0,-0.23,-0.13,-0.12,3718
"2019-07-17","Sanders","politics","politics","Sanders Calls for Rivals to Reject Money From Health Care Industry",0.13,0.57,0.51,0.4,942
"2019-07-16","Buttigieg","politics","politics","Pete Buttigieg and Kamala Harris Have Made Waves. Some Progressives Remain Skeptical.",-0.32,0.68,0.49,0.29,1566
"2019-07-18","Buttigieg","magazine","other","Pete Buttigieg Is Still Figuring This Out",0.0,0.0,0.3,0.1,3606
"2019-07-19","Biden","politics","politics","On Politics: Biden-Harris Rematch to Headline Second Debates",0.0,0.0,0.44,0.15,530
"2019-07-23","Biden","politics","politics","Biden, Scrutinized for Crime Bill, Unveils Plan to Reduce Mass Incarceration",-0.54,-0.48,0.27,-0.25,1309
"2019-07-22","Biden","national","politics","Putting Joe Biden’s L.A. Visit in Context",0.0,0.0,0.44,0.15,1295
"2019-07-23","Biden","politics","politics","Sherrod Brown Doesn’t Think Joe Biden Will Be the Nominee",0.0,0.19,0.0,0.06,1454
"2019-07-25","Warren","culture","other","Warren Kanders Quits Whitney Board After Tear Gas Protests",-0.23,-0.44,-0.2,-0.29,1264
"2019-07-26","Warren","summary","other","Quotation of the Day: Warren Kanders Quits Whitney Board After Tear Gas Protests",-0.23,0.0,0.0,-0.08,56
"2019-07-26","Warren","politics","politics","Elizabeth Warren’s Campaign Receives 1 Million Donations, Hitting Milestone",0.0,0.0,0.2,0.07,530
"2019-07-28","Sanders","politics","politics","Bernie Sanders Heads to Canada for Affordable Insulin",0.0,-0.4,-0.57,-0.32,1131
"2019-07-29","Biden","politics","politics","Why Joe Biden’s Age Worries Some Democratic Allies and Voters",-0.42,-0.05,0.48,0.0,1750
"2019-07-27","Biden","politics","politics","Impeachment Calls and a Booker-Biden Fight: This Week in the 2020 Race",-0.38,0.0,0.0,-0.13,1291
"2019-07-31","Sanders","politics","politics","Bernie Sanders ‘Wrote the Damn Bill.’ Everyone Else Is Just Fighting About It.",-0.64,0.38,0.27,0.01,1130
"2019-07-31","Biden","oped","opinion","Joe Biden Won Last Night’s Democratic Debate",0.57,-0.38,0.96,0.38,869
"2019-07-31","Warren","politics","politics","Elizabeth Warren on Free College and Canceling Student Debt",0.2,-0.42,-0.62,-0.28,284
"2019-07-31","Warren","politics","politics","Elizabeth Warren on a Wealth Tax",0.49,0.72,0.5,0.57,266
"2019-07-31","Warren","politics","politics","Warren’s Slam on Delaney Was Called the Line of the Night. Here’s What She Said.",-0.38,-0.62,-0.62,-0.54,556
"2019-07-31","Biden","politics","politics","Moderates Faltered at Tuesday’s Debate. Will Joe Biden Do Better Tonight?",0.44,0.0,-0.4,0.01,1216
"2019-07-31","Buttigieg","politics","politics","Pete Buttigieg on Gun Violence: ‘I Was Part of the First Generation That Saw Routine School Shootings’",-0.76,-0.8,-0.8,-0.78,337
"2019-07-31","Biden","politics","politics","When Kamala Harris and Joe Biden Clashed on Busing and Segregation",0.0,-0.46,-0.56,-0.34,562
"2019-08-01","Biden","politics","politics","Julián Castro Says Joe Biden Hasn’t ‘Learned the Lessons of the Past’",0.0,0.69,0.49,0.39,576
"2019-08-01","Biden","politics","politics","Biden Under Fire From All Sides as Rivals Attack His Record",-0.67,0.34,-0.54,-0.29,1864
"2019-08-01","Biden","politics","politics","Joe Biden Did Fine, and That Might Have Been Enough",0.2,0.0,-0.53,-0.11,1719
"2019-08-01","Biden","politics","politics","At Debate, Democrats Challenge Biden Over Obama’s Deportation Record",0.08,0.0,-0.25,-0.06,564
"2019-07-31","Sanders","politics","politics","Watch Bernie Sanders and John Delaney Battle Over Medicare for All",-0.38,0.51,0.71,0.28,636
"2019-08-01","Biden","politics","politics","‘Go to Joe 30330’: Biden Sends Supporters on a Digital Wild Goose Chase",0.44,0.0,0.0,0.15,243
"2019-08-01","Biden","politics","politics","Gillibrand Criticized Biden Over a Child Care Vote. Here’s the Full Story.",0.18,0.89,0.81,0.63,742
"2019-08-01","Biden","politics","politics","Cory Booker Says Joe Biden Created ‘All the Problems That He Is Talking About’",-0.18,0.15,-0.36,-0.13,967
"2019-08-01","Biden","letters","other","Debate Round 2: How Did Biden Do?",0.0,0.0,0.0,0.0,817
"2019-08-02","Buttigieg","letters","other","Why I Like Booker, Buttigieg, Inslee ...",0.36,0.0,0.0,0.12,515
"2019-08-01","Biden","oped","opinion","Joe Biden Is Learning That Liberals Eat Their Own",0.0,0.13,0.82,0.32,1084
"2019-08-02","Biden","nytnow","other","China, Joe Biden, Kennedy Family: Your Friday Briefing",0.0,0.0,0.0,0.0,1373
"2019-08-01","Biden","oped","opinion","Debate Disappointment: I Wanted So Much More From Joe Biden",-0.51,0.0,0.0,-0.17,1207
"2019-08-07","Biden","politics","politics","Biden and Booker Say Trump Is Fostering Hatred, Not Fighting It",-0.47,-0.76,-0.84,-0.69,1822
"2019-08-08","Warren","politics","politics","Elizabeth Warren Calls Trump a White Supremacist",0.13,-0.76,0.72,0.03,692
"2019-08-09","Biden","politics","politics","Can Anyone Catch Joe Biden?",0.0,0.76,0.8,0.52,1693
"2019-08-09","Biden","politics","politics","Joe Biden Says ‘Poor Kids’ Are Just as Bright as ‘White Kids’",0.44,0.0,0.76,0.4,613
"2019-08-11","Biden","oped","opinion","Joe Biden: Banning Assault Weapons Works",-0.77,-0.56,-0.03,-0.45,919
"2019-08-12","Biden","politics","politics","Joe Biden Knows He Says the Wrong Thing",-0.48,-0.15,0.84,0.07,1506
"2019-08-15","Warren","politics","politics","Many Democrats Love Elizabeth Warren. They Also Worry About Her.",0.32,-0.64,0.51,0.06,1929
"2019-08-16","Warren","politics","politics","Elizabeth Warren Offers a Policy Agenda for Native Americans",0.0,0.4,0.65,0.35,640
"2019-08-16","Biden","investigative","other","Obama and Biden’s Relationship Looks Rosy. It Wasn’t Always That Simple.",0.0,0.03,0.0,0.01,3271
"2019-08-16","Sanders","insider","other","For ‘Diagnosis’ Show, Dr. Lisa Sanders Lets Times Readers Around the World Join in the Detective Work",0.3,0.67,0.0,0.32,953
"2019-08-18","Warren","business","business","Warren Buffett Is Buying Bank Stocks. Why Aren’t Others?",0.0,-0.3,0.0,-0.1,770
"2019-08-19","Warren","politics","politics","Elizabeth Warren Apologizes at Native American Forum: ‘I Have Listened and I Have Learned’",0.36,0.57,0.05,0.33,1387
"2019-08-21","Warren","business","business","Elizabeth Warren Wants Wells Fargo to Explain Fees on Closed Accounts",0.25,0.0,0.25,0.17,410
"2019-08-21","Sanders","politics","politics","Bernie Sanders Sets a Goal: Double Union Membership in 4 Years",0.0,0.0,0.8,0.27,1187
"2019-08-20","Biden","politics","politics","Jill Biden, Stressing Trump Matchup, Makes a Blunt Case for Her Husband",-0.36,0.4,-0.12,-0.02,609
"2019-08-22","Warren","letters","other","Can Elizabeth Warren Win?",0.59,-0.75,0.0,-0.05,836
"2019-08-23","Biden","politics","politics","Joe Biden, Recalling ’68, Asks Audience to Imagine Obama’s Assassination",-0.6,-0.05,0.3,-0.12,780
"2019-08-25","Warren","politics","politics","The Education of Elizabeth Warren",0.0,-0.2,0.72,0.17,2811
"2019-08-26","Sanders","politics","politics","Candidates Are Jockeying for Union Endorsements. Bernie Sanders Just Got One.",0.0,0.88,0.76,0.55,487
"2019-08-26","Warren","politics","politics","The Growing Crowds at Elizabeth Warren’s Events",0.18,0.0,0.46,0.21,999
"2019-08-26","Warren","politics","politics","What Elizabeth Warren Is Quietly Telling Democratic Insiders",0.0,0.78,0.49,0.42,1550
"2019-08-28","Biden","politics","politics","Polling Picture Comes Into Focus: Biden Leads a 3-Way Race at the Top",0.2,0.0,0.27,0.16,742
"2019-08-29","Biden","politics","politics","The Women in Line to Hug Joe Biden",0.48,0.36,0.9,0.58,1286
"2019-08-30","Biden","politics","politics","Joe Biden Dismisses Report That He Told False War Story",-0.6,0.0,-0.6,-0.4,835
"2019-08-30","Buttigieg","politics","politics","Pete Buttigieg Was Rising. Then Came South Bend’s Policing Crisis.",-0.62,0.0,-0.34,-0.32,2663
"2019-09-03","Warren","politics","politics","Elizabeth Warren Unveils Climate Change Plan, Embracing Jay Inslee’s Goals",0.0,0.34,0.32,0.22,1081
"2019-09-02","Biden","politics","politics","Does Joe Biden Want to Be Doing This?",0.08,0.82,-0.71,0.06,1878
"2019-09-02","Warren","oped","opinion","When Elizabeth Warren Agreed With Betsy DeVos",0.27,0.0,0.58,0.29,873
"2019-09-04","Biden","politics","politics","Joe Biden Pokes Fun at His Own ‘Gaffes’ With Stephen Colbert",0.51,0.36,0.49,0.46,731
"2019-09-05","Sanders","politics","politics","Inaction Is the Unrealistic Option, Bernie Sanders Says",-0.25,0.15,0.0,-0.03,424
"2019-09-05","Biden","politics","politics","Joe Biden Caught Off Guard at Town Hall by Question on Fund-Raiser’s Fossil Fuel Ties",0.0,-0.25,-0.2,-0.15,676
"2019-09-05","Warren","politics","politics","Elizabeth Warren Says Talk of Light Bulbs and Straws Is a Distraction",-0.38,0.15,-0.27,-0.17,314
"2019-09-05","Biden","politics","politics","Joe Biden on Defensive at Climate Town Hall",0.03,0.15,0.65,0.28,540
"2019-09-05","Buttigieg","politics","politics","Pete Buttigieg Calls Climate Change ‘a Kind of Sin’",0.0,0.15,0.38,0.18,492
"2019-09-05","Sanders","books","other","Sarah Huckabee Sanders, Praised by Trump as ‘a Warrior,’ Is Writing a Book",0.49,0.0,0.0,0.16,391
"2019-09-07","Biden","politics","politics","Biden Wants to Work With ‘the Other Side.’ This Supreme Court Battle Explains Why.",0.39,0.53,-0.55,0.12,2759
"2019-09-06","Biden","politics","politics","Biden Fund-Raiser Draws Climate Change Protesters",-0.23,0.0,-0.59,-0.27,746
"2019-09-09","Sanders","politics","politics","Bernie Sanders Went to Canada, and a Dream of ‘Medicare for All’ Flourished",0.25,0.49,0.71,0.48,1954
"2019-09-10","Bloomberg","metro","other","Bloomberg Takes on Vaping After Giving $1 Billion to Fight Tobacco",-0.05,-0.05,-0.6,-0.23,1031
"2019-09-10","Warren","styles","other","Elizabeth Warren, Fashion Muse?",0.0,0.0,0.0,0.0,770
"2019-09-09","Warren","politics","politics","How Elizabeth Warren Raised Big Money Before She Denounced Big Money",0.0,0.36,0.0,0.12,1857
"2019-09-10","Warren","oped","opinion","Elizabeth Warren Continues to Persist",0.0,0.2,0.81,0.34,1203
"2019-09-10","Sanders","politics","politics","On Politics: For Sanders, It All Began in Canada",0.0,0.71,0.44,0.38,429
"2019-09-10","Bloomberg","bookreview","other","Was Michael Bloomberg New York City’s Greatest Mayor?",0.64,0.15,0.0,0.26,1326
"2019-09-11","Sanders","magazine","other","What Can a Star Like Cardi B Do for a Politician Like Sanders?",0.61,-0.05,0.66,0.41,1081
"2019-09-13","Biden","politics","politics","Biden Was Asked About Segregation. His Answer Included a Record Player.",0.0,0.67,-0.18,0.16,675
"2019-09-12","Warren","politics","politics","Elizabeth Warren’s Social Security Plan: Raise Benefits by $200 a Month",0.61,0.94,0.92,0.83,1016
"2019-09-12","Warren","oped","opinion","Elizabeth Warren’s Plan for Social Security Looks Smart",0.62,-0.49,0.0,0.04,696
"2019-09-13","Biden","oped","opinion","It Will Take More Than Cheap Shots to Knock Off Biden",0.0,0.0,-0.9,-0.3,943
"2019-09-13","Buttigieg","politics","politics","Pete Buttigieg Describes Struggle With Coming Out as Gay: ‘You Only Get One Life’",-0.32,0.0,0.0,-0.11,255
"2019-09-13","Biden","politics","politics","Castro Questions Biden’s Memory at Debate: ‘Are You Forgetting What You Said Two Minutes Ago?’",0.0,-0.54,0.25,-0.1,762
"2019-09-13","Biden","politics","politics","Attacks on Biden in Debate Highlight Divide Over the Obama Legacy",-0.13,0.59,0.83,0.43,1734
"2019-09-15","Biden","politics","politics","Biden Has Deep Connection to Black Voters. Will It Translate Into Votes?",0.0,0.68,-0.75,-0.02,1490
"2019-09-14","Sanders","politics","politics","Bernie Sanders, in Las Vegas, Previews Plan for Affordable Housing",0.0,0.49,-0.1,0.13,733
"2019-09-16","Warren","politics","politics","Elizabeth Warren, at Washington Sq. Park Rally, Promises to Take On Corruption",0.38,0.0,-0.67,-0.1,1271
"2019-09-17","Buttigieg","oped","opinion","The Abortion Mysticism of Pete Buttigieg",0.0,0.4,0.0,0.13,1367
"2019-09-15","Sanders","politics","politics","Bernie Sanders Campaign Shakes Up New Hampshire Operation",0.0,0.57,0.57,0.38,707
"2019-09-17","Warren","politics","politics","Warren and Trump Speeches Lay Out Competing Visions of Populism",0.23,0.36,-0.32,0.09,1265
"2019-09-16","Biden","oped","opinion","Joe Biden Is Problematic",-0.44,0.51,0.42,0.16,896
"2019-09-19","Sanders","upshot","opinion","Should People Profit From Housing? Bernie Sanders Says Yes, and No",0.53,0.65,0.0,0.39,900
"2019-09-19","Biden","letters","other","Joe Biden’s Positions on Race Over the Years",0.0,0.0,0.0,0.0,321
"2019-09-18","Warren","oped","opinion","Does Elizabeth Warren Have a Critical Vulnerability?",-0.49,0.65,0.03,0.06,1342
"2019-09-18","Biden","politics","politics","Joe Biden Believes in the Good Will of Republicans. Is That Naïve?",0.44,0.61,0.15,0.4,1860
"2019-09-19","Biden","oped","opinion","Can We Talk About Biden’s Age?",0.0,-0.49,0.0,-0.16,870
"2019-09-19","Warren","oped","opinion","Elizabeth Warren’s Working-Class Problem",-0.4,0.0,0.0,-0.13,667
"2019-09-21","Sanders","politics","politics","Bernie Sanders Calls for Eliminating Americans’ Medical Debt",-0.36,-0.48,0.36,-0.16,1077
"2019-09-20","Warren","podcasts","other","Anatomy of a Warren Rally",0.0,0.32,0.0,0.11,275
"2019-09-20","Sanders","politics","politics","Young Voters Still ‘Feel the Bern,’ but Not Just for Bernie Sanders Anymore",0.0,0.69,0.0,0.23,1386
"2019-09-20","Biden","politics","politics","Joe Biden Has Tense Exchange Over L.G.B.T.Q. Record",-0.34,0.0,0.0,-0.11,924
"2019-09-19","Warren","oped","opinion","A Brief History of the Warren Presidency",0.0,0.0,-0.03,-0.01,859
"2019-09-19","Biden","summary","other","Quotation of the Day: Biden Has Faith in McConnell. Some Democratic Rivals Wonder Why.",0.42,0.0,0.25,0.22,68
"2019-09-20","Biden","washington","politics","Trump Pressed Ukraine’s Leader on Inquiry Into Biden’s Son",0.0,-0.42,0.0,-0.14,1422
"2019-09-20","Biden","politics","politics","Young Black Voters to Their Biden-Supporting Parents: ‘Is This Your King?’",0.0,0.2,-0.8,-0.2,1461
"2019-09-23","Biden","washington","politics","Trump, Biden and Ukraine: Sorting Out the Accusations",-0.32,0.13,0.0,-0.06,948
"2019-09-21","Warren","politics","politics","Bill de Blasio Bows Out, Elizabeth Warren’s Big Speech: This Week in the 2020 Race",0.0,0.0,-0.3,-0.1,1064
"2019-09-23","Biden","letters","other","What to Do About Trump’s Talk With Ukraine About Biden?",0.0,0.0,0.0,0.0,637
"2019-09-21","Biden","oped","opinion","The Bygone Baggage of Joe Biden",0.0,-0.25,0.68,0.14,901
"2019-09-22","Biden","washington","politics","Trump Acknowledges Discussing Biden in Call With Ukrainian Leader",0.0,0.0,-0.23,-0.08,1702
"2019-09-23","Biden","podcasts","other","The President, Joe Biden and Ukraine",0.0,-0.48,0.0,-0.16,282
"2019-09-21","Biden","washington","politics","Trump, Biden and a Whistle-Blower Complaint: Here Are the Basics",-0.3,-0.23,-0.23,-0.25,705
"2019-09-21","Warren","politics","politics","Elizabeth Warren Lost Her Dream Job but Gained a Path to 2020",0.5,-0.38,0.01,0.04,3182
"2019-09-25","Biden","politics","politics","Biden’s Strategy for Managing the Ukraine Story",0.0,-0.46,0.0,-0.15,1344
"2019-09-27","Biden","politics","politics","Biden, Weathering Attacks From Trump, Returns to Campaign Trail",-0.44,-0.32,-0.48,-0.41,1501
"2019-09-26","Biden","politics","politics","Anxious Biden Allies May Unleash Super PAC",0.44,0.76,0.86,0.68,1232
"2019-09-27","Warren","sundaybusiness","business","Yang vs. Warren: Who Has the Better Tax Plan?",0.44,0.49,0.38,0.44,988
"2019-09-29","Biden","politics","politics","Biden Campaign Urges TV Networks to Stop Booking Giuliani",-0.3,0.0,-0.23,-0.17,643
"2019-09-30","Biden","politics","politics","Joe Biden’s Digital Ads Are Disappearing. Not a Good Sign, Strategists Say.",-0.34,0.0,-0.46,-0.27,1551
"2019-10-01","Biden","oped","opinion","Trump’s Claims About Biden Aren’t ‘Unsupported.’ They’re Lies.",-0.42,-0.32,-0.08,-0.27,989
"2019-09-30","Warren","oped","opinion","Warren Versus the Petty Plutocrats",-0.2,-0.57,0.34,-0.14,894
"2019-09-30","Sanders","politics","politics","Sanders Proposes Corporate Tax to Address Pay Gap at Big Companies",-0.1,0.0,-0.2,-0.1,560
"2019-10-03","Buttigieg","politics","politics","Flush With Cash, Pete Buttigieg Bets His Campaign on a Breakthrough in Iowa",0.0,0.42,0.36,0.26,1650
"2019-10-03","Biden","washington","politics","Trump Publicly Urges China to Investigate the Bidens",0.0,0.0,0.66,0.22,1583
"2019-10-02","Warren","national","politics","How Elizabeth Warren Responded to Mark Zuckerberg’s Criticism, on Twitter",-0.44,-0.3,0.44,-0.1,1096
"2019-10-01","Sanders","politics","politics","Bernie Sanders’s Fund-Raising Haul: $25.3 Million in Third Quarter",0.0,0.49,0.49,0.33,554
"2019-10-01","Warren","upshot","opinion","How the Average Joe (and Jane) Could Wind Up Stopping Warren",-0.15,0.57,0.76,0.39,1396
"2019-10-02","Warren","business","business","DealBook Briefing: It’s Elizabeth Warren vs. Mark Zuckerberg",0.0,-0.32,0.44,0.04,2067
"2019-10-03","Biden","washington","politics","What We Know About Hunter Biden’s Business in China",0.0,0.87,0.0,0.29,1357
"2019-10-03","Sanders","politics","politics","Bernie Sanders Will Participate in Next Debate, His Campaign Says",0.0,0.44,0.4,0.28,973
"2019-10-03","Biden","washington","politics","Trump Envoys Pushed Ukraine to Commit to Investigating Biden",0.3,0.27,0.44,0.34,1829
"2019-10-05","Sanders","politics","politics","Bernie Sanders Has a Heart Attack: This Week in the 2020 Race",-0.48,0.0,0.0,-0.16,1068
"2019-10-05","Biden","politics","politics","Biden Faced His Biggest Challenge, and Struggled to Form a Response",-0.27,-0.49,-0.62,-0.46,2164
"2019-10-04","Sanders","politics","politics","Sanders Said He Had a Common Heart Procedure. So Why the Mystery?",0.0,-0.74,-0.38,-0.37,1118
"2019-10-04","Biden","foreign","other","Owner of Firm Tied to Hunter Biden Will Be Subject of Ukraine Prosecutor’s Review",0.0,0.0,0.18,0.06,1007
"2019-10-03","Biden","politics","politics","Joe Biden Fires Back at Trump: ‘You’re Not Going to Destroy Me’",0.43,0.0,-0.56,-0.04,804
"2019-10-04","Biden","business","business","Trump’s Call to China to Investigate Biden Could Complicate Trade Talks",0.0,0.62,0.0,0.21,1424
"2019-10-07","Sanders","letters","other","Bernie Sanders’s Heart Attack: Should He Stay in the Race?",-0.48,-0.38,0.0,-0.29,341
"2019-10-07","Sanders","politics","politics","How Will Bernie Sanders’s Heart Attack Affect His Campaign?",-0.48,0.0,-0.74,-0.41,1081
"2019-10-08","Buttigieg","oped","opinion","The Agonizing Imperfection of Pete Buttigieg",-0.57,0.63,0.54,0.2,1005
"2019-10-09","Biden","oped","opinion","What Hunter Biden Did Was Legal — And That’s the Problem",-0.3,-0.3,0.7,0.04,1267
"2019-10-09","Biden","politics","politics","What Joe Biden Learned at the Last Two Impeachments",0.0,0.38,-0.27,0.04,1558
"2019-10-09","Biden","climate","other","On Climate Change, Biden Has a Record and a Plan. Young Activists Want More.",0.08,-0.7,0.6,-0.01,1297
"2019-10-08","Biden","culture","other","Late Night Suggests Kurdish Forces Dig Up Dirt on Joe Biden",-0.34,0.59,0.95,0.4,684
"2019-10-09","Warren","politics","politics","In Shift, Warren Will Forgo Big Money Events if Nominated. At Least Some of Them.",0.0,0.64,0.51,0.38,1089
"2019-10-08","Warren","politics","politics","Elizabeth Warren Details Her Account of Losing Teaching Job Because of Pregnancy",-0.38,0.56,0.46,0.21,1152
"2019-10-11","Warren","politics","politics","Elizabeth Warren Has Quick Comeback to Gay Marriage Question",0.0,0.38,0.0,0.13,344
"2019-10-10","Biden","politics","politics","Tiptoeing Around Hunter Biden",0.0,-0.15,0.0,-0.05,1072
"2019-10-09","Biden","politics","politics","Biden Calls for Trump Impeachment for First Time",0.0,0.42,-0.62,-0.07,934
"2019-10-10","Warren","politics","politics","As Elizabeth Warren Rises, the G.O.P. Deploys an Old Tactic",0.0,-0.13,0.0,-0.04,1466
"2019-10-10","Sanders","politics","politics","Bernie Sanders Says He Knew of Heart Attack Three Days Before Disclosing It",-0.48,0.0,-0.49,-0.32,421
"2019-10-11","Sanders","business","business","Candidates Grow Bolder on Labor, and Not Just Bernie Sanders",0.3,0.48,0.44,0.4,1372
"2019-10-10","Sanders","politics","politics","What Jane Sanders Is Telling Bernie Sanders About His 2020 Bid",0.0,0.44,-0.32,0.04,1359
"2019-10-10","Warren","oped","opinion","Could Facebook Actually Nuke Elizabeth Warren’s Campaign?",0.0,0.0,-0.44,-0.15,1131
"2019-10-11","Biden","washington","politics","At Minneapolis Rally, an Angry Trump Reserves Sharpest Attack for Biden",-0.75,-0.18,-0.88,-0.6,1120
"2019-10-12","Warren","business","business","Warren Dares Facebook With Intentionally False Political Ad",0.0,-0.57,0.2,-0.12,893
"2019-10-12","Biden","politics","politics","Biden on Impeachment, L.G.B.T.Q. Forum: This Week in the 2020 Race",0.0,0.0,0.0,0.0,1117
"2019-10-13","Biden","express","other","Hunter Biden to Leave Chinese Company Board, Addressing Appearance of a Conflict",-0.36,0.0,-0.46,-0.27,1482
"2019-10-14","Biden","politics","politics","Can Joe Biden Deliver the Debate Performance He Needs?",0.0,0.0,-0.3,-0.1,1290
"2019-10-14","Sanders","politics","politics","Bernie Sanders, Back in Action at the Debate, Has Much to Prove",0.0,0.27,0.82,0.37,1085
"2019-10-15","Biden","bookreview","other","How Close Are Barack Obama and Joe Biden?",0.0,0.0,0.0,0.0,1187
"2019-10-15","Biden","politics","politics","Hunter Biden Admits to ‘Poor Judgment’ but Denies ‘Ethical Lapse’ in Work Overseas",-0.48,-0.15,-0.23,-0.29,1239
"2019-10-14","Warren","politics","politics","Missing From Elizabeth Warren’s 2020 Surge: Democratic Endorsements",-0.3,0.4,0.85,0.32,1490
"2019-10-17","Warren","oped","opinion","If It’s Trump vs. Warren, Then What?",0.0,0.62,0.44,0.36,922
"2019-10-15","Biden","nytnow","other","Fiona Hill, Hunter Biden, LeBron James: Your Tuesday Briefing",0.0,0.0,0.0,0.0,1511
"2019-10-15","Warren","oped","opinion","Elizabeth Warren Divides the Room",0.0,0.0,-0.69,-0.23,1839
"2019-10-16","Biden","politics","politics","In Democratic Fund-Raising, Joe Biden Falls Far Behind",0.0,0.48,-0.22,0.09,1198
"2019-10-16","Warren","oped","opinion","It Was the Best of Warren. It Was the Worst of Warren.",0.03,-0.3,0.44,0.06,1371
"2019-10-16","Warren","politics","politics","O’Rourke Says Warren Is Being ‘Punitive’ as She Pitches a Wealth Tax",0.49,0.83,0.61,0.64,407
"2019-10-16","Buttigieg","politics","politics","Beto O’Rourke and Pete Buttigieg Battle Over Confiscating Assault Weapons",-0.85,0.34,-0.93,-0.48,352
"2019-10-16","Biden","politics","politics","Biden Defends Son Hunter at Debate, Saying Focus Should Be on Trump",0.0,0.34,0.0,0.11,695
"2019-10-16","Warren","politics","politics","Warren and Harris Spar Over Trump’s Twitter Account",0.0,0.34,-0.32,0.01,692
"2019-10-15","Biden","foreign","other","The Ukrainian Prosecutor Behind the Dossier Targeting Hunter Biden",0.0,-0.61,-0.3,-0.3,1325
"2019-10-17","Warren","oped","opinion","The Other Candidates Are Coming for Warren",0.0,0.61,0.0,0.2,852
"2019-10-17","Biden","politics","politics","What’s Eating Joe Biden?",0.0,0.0,0.0,0.0,1213
"2019-10-16","Warren","oped","opinion","The Question Warren Won’t Answer",0.0,0.64,0.0,0.21,606
"2019-10-16","Warren","politics","politics","Amy Klobuchar Goes After Elizabeth Warren Over Health Care Plan in Debate",0.49,-0.1,0.34,0.24,493
"2019-10-16","Warren","politics","politics","Elizabeth Warren, Candidate With the Plans, Needed One for All the Incoming Attacks",-0.44,0.2,0.73,0.16,1370
"2019-10-18","Biden","washington","politics","Diplomat Told House Investigators He Raised Alarm About Hunter Biden in 2015",-0.34,-0.45,0.0,-0.26,680
"2019-10-18","Buttigieg","politics","politics","Pete Buttigieg Cuts Ties With Donor Linked to Laquan McDonald Cover-Up",-0.53,-0.81,-0.7,-0.68,478
"2019-10-19","Sanders","politics","politics","Proclaiming ‘I Am Back,’ Bernie Sanders Accepts Ocasio-Cortez Endorsement",0.56,0.13,0.15,0.28,1631
"2019-10-19","Sanders","oped","opinion","The City Sanders and Ocasio-Cortez Would Have Loved to Live In",0.6,0.0,0.15,0.25,1842
"2019-10-20","Warren","politics","politics","Elizabeth Warren Says She Will Release a Plan to Finance ‘Medicare for All’",0.0,0.05,0.15,0.07,949
"2019-10-21","Warren","politics","politics","Warren’s Education Plan Promises Billions for Low-Income Schools and Desegregation",0.38,0.0,0.13,0.17,1054
"2019-10-21","Warren","oped","opinion","Can Warren Escape the Medicare Trap?",-0.15,0.49,0.27,0.2,917
"2019-10-23","Sanders","metro","other","Backlash Against Bernie Sanders and Ocasio-Cortez in Queens",0.0,0.0,0.0,0.0,1125
"2019-10-23","Warren","oped","opinion","Elizabeth Warren Has a Poet on Her Team. Here’s Why That’s a Good Idea.",0.44,-0.44,-0.66,-0.22,1440
"2019-10-23","Warren","letters","other","Elizabeth Warren’s Plan to End Private Health Insurance",0.0,0.0,0.0,0.0,732
"2019-10-23","Biden","politics","politics","Joe Biden, in Scranton, Says Trump Owes Current Economy to Obama Years",0.0,-0.67,0.31,-0.12,1111
"2019-10-24","Buttigieg","styles","other","A Trump Applauds Buttigieg at God’s Love Benefit",0.86,0.4,0.8,0.69,674
"2019-10-23","Buttigieg","politics","politics","As a Centrist Path Opens, Pete Buttigieg Moves Toward It",0.0,0.67,0.13,0.27,1568
"2019-10-24","Biden","politics","politics","Biden Campaign Drops Opposition to Super PAC Support",0.77,0.66,0.9,0.78,741
"2019-10-25","Buttigieg","politics","politics","Pete Buttigieg Is Running Strong in Iowa. Does He Have Room to Grow?",0.51,-0.1,0.46,0.29,969
"2019-10-26","Warren","oped","opinion","Elizabeth Warren Wants to Lose Your Vote",-0.4,0.48,0.78,0.29,847
"2019-10-27","Buttigieg","politics","politics","As Pete Buttigieg Courts Black Voters, His Sexuality Is a Hurdle for Some",0.0,0.4,-0.36,0.01,1680
"2019-10-25","Sanders","podcasts","other","‘A Prophet’: The Zeal of Bernie Sanders Supporters",0.44,0.89,0.0,0.44,333
"2019-10-27","Biden","politics","politics","On ‘60 Minutes,’ Biden Questions Trump’s Legacy While Emphasizing His Own",0.0,-0.85,-0.65,-0.5,1033
"2019-10-26","Biden","politics","politics","‘We’re Asking You to Dig Deep’: Biden Seeks to Steady Finances as Allies Fret",0.0,0.3,0.46,0.25,1844
"2019-10-25","Sanders","politics","politics","Bernie Sanders Almost Won Iowa in 2016. He Knows He Can’t Slip Now.",0.53,0.0,0.0,0.18,1483
"2019-10-25","Warren","letters","other","If the Choice Is Warren or Trump …",0.0,-0.38,0.0,-0.13,415
"2019-10-29","Warren","politics","politics","Warren’s One TV Ad",0.0,0.0,0.46,0.15,1172
"2019-10-28","Warren","politics","politics","Elizabeth Warren’s Days Defending Big Corporations",0.0,-0.3,0.0,-0.1,2881
"2019-10-29","Biden","business","business","Debunking 4 Viral Rumors About the Bidens and Ukraine",0.0,0.38,-0.64,-0.09,1402
"2019-10-30","Warren","obits","other","Ed Cray, Biographer of Woody Guthrie and Earl Warren, Dies at 86",-0.38,-0.65,-0.8,-0.61,714
"2019-10-31","Warren","politics","politics","Billionaire’s Letter to Elizabeth Warren Accuses Her of ‘Warping the Facts’ on the Wealthy",0.03,0.0,0.4,0.14,823
"2019-11-03","Warren","politics","politics","Billionaires Only? Warren Errs in Saying Whom Her Health Plan Would Tax",0.0,-0.05,0.4,0.12,728
"2019-11-03","Warren","nytnow","other","Twitter, Elizabeth Warren, N.Y.C. Marathon: Your Weekend Briefing",0.0,0.2,0.0,0.07,1192
"2019-11-02","Warren","business","business","Warren Health Plan Tightens Democrats’ Embrace of Tax Increases",0.32,0.56,0.46,0.44,1728
"2019-11-01","Warren","politics","politics","Warren Laces Into Rivals as Iowa Campaign Grows Combative",0.0,-0.15,-0.8,-0.31,1322
"2019-11-01","Warren","nytnow","other","Elizabeth Warren, TikTok, N.Y.C. Marathon: Your Friday Evening Briefing",0.0,0.0,0.0,0.0,1105
"2019-11-02","Warren","politics","politics","Beto Is Out and Warren’s Way to Pay: This Week in the 2020 Race",-0.1,0.0,0.18,0.03,919
"2019-11-03","Warren","oped","opinion","Warren Goes 1 for 2 on Medicare",0.0,0.53,0.64,0.39,1061
"2019-11-01","Warren","upshot","opinion","Elizabeth Warren’s ‘Medicare for All’ Math",0.0,0.72,0.88,0.53,802
"2019-11-01","Warren","nytnow","other","Impeachment, Elizabeth Warren, ISIS: Your Friday Briefing",0.0,0.0,0.0,0.0,1400
"2019-11-01","Warren","oped","opinion","Did Warren Pass the Medicare Test? I Think So",0.0,-0.08,-0.5,-0.19,776
"2019-11-02","Warren","editorial","opinion","Elizabeth Warren’s Health Care Albatross",0.49,0.17,0.6,0.42,905
"2019-11-04","Warren","oped","opinion","Elizabeth Warren Throws Down the Gauntlet",0.0,0.83,-0.34,0.16,1100
"2019-11-04","Buttigieg","politics","politics","Pete Buttigieg Is an Iowa Front-Runner. Will That Help Him Anywhere Else?",0.4,0.3,0.4,0.37,1656
"2019-11-04","Warren","politics","politics","As Warren Gains in Race, Wall Street Sounds the Alarm",0.0,-0.29,0.42,0.04,1769
"2019-11-05","Warren","oped","opinion","Elizabeth Warren Is Asking the Most Important Question on Health Care",0.65,-0.08,0.85,0.47,1201
"2019-11-05","Warren","oped","opinion","The Warren Way Is the Wrong Way",-0.48,-0.08,0.15,-0.13,862
"2019-11-04","Warren","letters","other","Elizabeth Warren’s Plan to Pay for Medicare for All",-0.1,0.76,0.0,0.22,575
"2019-11-04","Biden","nytnow","other","Paris Accord, Joe Biden, Apple Housing: Your Monday Evening Briefing",0.0,0.0,0.0,0.0,1077
"2019-11-07","Buttigieg","oped","opinion","Stop Blaming Black Homophobia for Buttigieg’s Problems!",-0.81,-0.7,-0.79,-0.77,933
"2019-11-07","Sanders","politics","politics","Bernie Sanders Is Flush With Cash. Here’s How He Plans to Spend It.",0.0,0.4,0.2,0.2,1084
"2019-11-07","Warren","letters","other","Ralph Nader: Why Elizabeth Warren Scares Wall Street",-0.34,0.0,0.0,-0.11,699
"2019-11-06","Warren","politics","politics","Ayanna Pressley Endorses Elizabeth Warren for President",0.34,0.32,0.23,0.3,911
"2019-11-07","Bloomberg","politics","politics","Michael Bloomberg Actively Prepares to Enter 2020 Presidential Race",0.32,0.0,0.32,0.21,1638
"2019-11-07","Bloomberg","nytnow","other","Trade, Michael Bloomberg, Mona Lisa: Your Thursday Evening Briefing",0.0,0.0,0.0,0.0,1090
"2019-11-07","Sanders","politics","politics","Bernie Sanders Wants to ‘Break Up’ ICE",0.0,0.53,0.8,0.44,772
"2019-11-07","Warren","express","other","Bill Gates Objects to Elizabeth Warren’s Wealth Tax, and She Offers to Explain",0.49,-0.1,-0.18,0.07,727
"2019-11-08","Bloomberg","letters","other","Should Mike Bloomberg Enter the Democratic Race?",0.0,-0.47,0.0,-0.16,322
"2019-11-09","Buttigieg","politics","politics","Why Pete Buttigieg Annoys His Democratic Rivals",-0.42,0.57,0.0,0.05,1603
"2019-11-08","Bloomberg","nytnow","other","Donald Trump, Michael Bloomberg, Mexico: Your Friday Briefing",0.0,0.0,0.0,0.0,1339
"2019-11-09","Bloomberg","upshot","opinion","As Bloomberg’s New York Prospered, Inequality Flourished Too",0.0,0.18,-0.89,-0.24,1169
"2019-11-08","Bloomberg","oped","opinion","Welcome, Mike Bloomberg",0.46,0.75,0.0,0.4,670
"2019-11-09","Bloomberg","politics","politics","Bloomberg Is In, Maybe: This Week in the 2020 Race",0.0,0.0,0.59,0.2,1111
"2019-11-08","Bloomberg","politics","politics","Where Michael Bloomberg Stands on the Issues",0.0,-0.18,0.0,-0.06,825
"2019-11-11","Bloomberg","oped","opinion","You Must Never Vote for Bloomberg",0.0,-0.61,0.0,-0.2,858
"2019-11-10","Biden","politics","politics","What Joe Biden Actually Did in Ukraine",0.0,0.0,-0.08,-0.03,2630
"2019-11-10","Sanders","society","other","Beryl Sanders, Ari Khuner Haber",0.0,0.0,0.49,0.16,281
"2019-11-11","Bloomberg","letters","other","A Litmus Test for Michael Bloomberg?",0.0,0.0,0.0,0.0,601
"2019-11-10","Warren","business","business","Warren Would Take Billionaires Down a Few Billion Pegs",0.0,0.53,-0.1,0.14,1474
"2019-11-11","Warren","business","business","Running the Numbers on Elizabeth Warren’s Wealth Tax",0.49,0.36,0.44,0.43,2102
"2019-11-10","Sanders","politics","politics","Ocasio-Cortez and Sanders Star in Their Own Iowa Buddy Movie",0.0,0.0,0.5,0.17,1242
"2019-11-10","Bloomberg","nytnow","other","Impeachment, Michael Bloomberg, Black Friday: Your Weekend Briefing",0.0,0.2,0.0,0.07,1069
"2019-11-10","Biden","metro","other","Giuliani Associate Says He Gave Demand for Biden Inquiry to Ukrainians",-0.13,-0.23,-0.34,-0.23,1237
"2019-11-12","Bloomberg","politics","politics","Why Bloomberg and Deval Patrick Changed Their Minds About 2020",0.0,0.0,0.0,0.0,1624
"2019-11-13","Warren","politics","politics","Elizabeth Warren Hits Back at Billionaires in New Ad for Wealth Tax",0.49,-0.66,0.25,0.03,508
"2019-11-12","Sanders","politics","politics","Major Nurses’ Union Backs Bernie Sanders and His Push for ‘Medicare for All’",-0.05,0.59,0.75,0.43,914
"2019-11-12","Warren","oped","opinion","Who’s Afraid of Elizabeth Warren?",0.0,0.4,0.95,0.45,890
"2019-11-12","Bloomberg","national","politics","A ‘Fixer’ or a ‘Bully’: New Yorkers Have Opinions on Bloomberg as Mayor",0.0,-0.18,0.48,0.1,1714
"2019-11-12","Bloomberg","metro","other","Bloomberg for President? ‘No Way,’ His Successor Says",0.23,0.4,-0.51,0.04,707
"2019-11-13","Sanders","politics","politics","After Heart Attack, Bernie Sanders Takes Long Walks and Eats Salads",-0.48,-0.15,0.32,-0.1,1393
"2019-11-12","Bloomberg","oped","opinion","Let’s Talk About Bloomberg While We Still Can",0.0,0.0,0.84,0.28,1733
"2019-11-15","Bloomberg","politics","politics","How Deval Patrick and Michael Bloomberg Could Alter the 2020 Race",0.0,-0.75,0.12,-0.21,1416
"2019-11-14","Sanders","climate","other","Sanders’s Climate Ambitions Thrill Supporters. Experts Aren’t Impressed.",0.82,0.7,0.68,0.73,1433
"2019-11-14","Warren","business","business","Warren Wealth Tax Could Slow Economy, Early Analysis Finds",0.49,0.8,0.82,0.7,1021
"2019-11-14","Bloomberg","politics","politics","Bloomberg’s Team Calls His Crude Remarks on Women ‘Wrong’",-0.57,-0.57,0.74,-0.13,1510
"2019-11-16","Warren","upshot","opinion","Elizabeth Warren’s Backup Backup Health Plan",0.0,0.66,0.2,0.29,850
"2019-11-17","Bloomberg","politics","politics","Michael Bloomberg Pushed ‘Stop-and-Frisk’ Policing. Now He’s Apologizing.",-0.08,0.54,0.13,0.2,1768
"2019-11-15","Bloomberg","politics","politics","Bloomberg Will Spend $100 Million on Anti-Trump Online Ad Blitz",0.0,0.0,0.0,0.0,1002
"2019-11-17","Warren","politics","politics","How Elizabeth Warren Got to ‘Yes’ on Medicare for All",0.0,0.27,0.49,0.26,2635
"2019-11-15","Warren","politics","politics","Elizabeth Warren Vows to Expand Health Coverage in First 100 Days",0.32,0.0,0.8,0.37,1556
"2019-11-17","Buttigieg","politics","politics","Pete Buttigieg Jumps Out to Lead in Iowa Poll",0.0,0.56,0.0,0.19,603
"2019-11-19","Warren","oped","opinion","Warren’s Very Good Transition Plan",0.49,0.0,0.0,0.16,742
"2019-11-18","Bloomberg","oped","opinion","Bloomberg’s Bogus, Belated Mea Culpa",0.0,0.05,-0.34,-0.1,905
"2019-11-18","Buttigieg","politics","politics","Buttigieg Campaign Used Stock Photo of Kenyan Woman to Illustrate Plan for Black America",0.0,-0.18,-0.34,-0.17,554
"2019-11-17","Bloomberg","editorial","opinion","Bloomberg Apologizes for Stop-and-Frisk at Just the Right Time",0.36,0.44,0.0,0.27,982
"2019-11-18","Bloomberg","letters","other","Bloomberg’s Apology for ‘Stop and Frisk’ Isn’t Enough",0.05,0.03,0.0,0.03,467
"2019-11-19","Biden","politics","politics","Why Joe Biden Resonates With Blue-Collar Voters",0.0,0.4,0.32,0.24,1661
"2019-11-21","Warren","politics","politics","Elizabeth Warren Makes Pitch to Black Women In Speech About Racial Inequities",0.0,0.0,0.48,0.16,1332
"2019-11-21","Buttigieg","politics","politics","Pete Buttigieg Is in Bad Shape With Black Democrats. Here’s Why.",-0.54,0.36,0.0,-0.06,1704
"2019-11-20","Warren","oped","opinion","The Danger of Elizabeth Warren",-0.53,0.69,0.26,0.14,2722
"2019-11-21","Buttigieg","oped","opinion","Pete Buttigieg 2020?",0.0,0.0,0.0,0.0,1515
"2019-11-22","Buttigieg","podcasts","other","How We Chose a Moment for Pete Buttigieg",0.0,0.0,0.0,0.0,1037
"2019-11-21","Warren","politics","politics","Elizabeth Warren Says Gordon Sondland Bought His Way to Ambassadorship",0.0,-0.36,0.73,0.12,651
"2019-11-21","Biden","politics","politics","Cory Booker Jokes Biden ‘Might Have Been High’ When He Made Marijuana Comments",0.25,0.0,-0.64,-0.13,596
"2019-11-22","Buttigieg","podcasts","other","The Candidates: Pete Buttigieg",0.0,0.0,0.0,0.0,985
"2019-11-23","Warren","politics","politics","Elizabeth Warren Has Done the Hard Part. Now Comes the Harder Part.",-0.1,0.0,0.42,0.11,1861
"2019-11-22","Bloomberg","politics","politics","Bloomberg Prepares Huge TV Blitz, Reserving $30 Million in Ads",0.32,0.0,0.27,0.2,1124
"2019-11-24","Bloomberg","business","business","Bloomberg News Sets Out How It Will Cover Its Owner",0.0,0.0,0.36,0.12,555
"2019-11-25","Bloomberg","nytnow","other","Michael Bloomberg, Hong Kong, Tiffany: Your Monday Briefing",0.0,0.0,0.0,0.0,1426
"2019-11-25","Sanders","politics","politics","Did New Hampshire Fall Out of Love With Bernie Sanders?",0.64,0.69,0.83,0.72,1547
"2019-11-25","Bloomberg","politics","politics","At First 2020 Campaign Stop, Bloomberg Boasts What His Money Can Do",-0.3,0.59,-0.51,-0.07,1219
"2019-11-26","Bloomberg","metro","other","Will Bloomberg’s Mayoral Record Hurt His Presidential Run?",-0.53,0.05,0.0,-0.16,985
"2019-11-26","Buttigieg","politics","politics","Pete Buttigieg Responds to Uproar Over Past Comments on Minority Students",0.0,-0.4,-0.9,-0.44,615
"2019-11-27","Warren","politics","politics","Elizabeth Warren Wants to Revoke Medals of Honor for Wounded Knee Massacre",0.49,-0.83,0.13,-0.07,647
"2019-11-26","Bloomberg","letters","other","As Bloomberg Enters the Democratic Race",0.0,0.0,0.0,0.0,423
"2019-11-26","Bloomberg","politics","politics","Michael Bloomberg Has Used His Fortune to Help Republicans, Too",0.4,0.15,0.34,0.3,1538
"2019-11-27","Sanders","politics","politics","Bernie Sanders vs. The Machine",0.0,0.3,-0.55,-0.08,2658
"2019-11-27","Biden","podcasts","other","What the Bidens Actually Did in Ukraine",0.0,0.0,0.0,0.0,254
"2019-11-29","Buttigieg","nytnow","other","Afghanistan, Black Friday, Pete Buttigieg: Your Friday Briefing",0.0,0.0,0.0,0.0,1136
"2019-11-29","Warren","business","business","Warren Wealth Tax Has Wide Support, Except Among One Group",0.71,0.03,0.85,0.53,1305
"2019-12-03","Biden","culture","other","Trevor Noah Roasts Joe Biden for ‘No Malarkey’ Slogan",0.0,0.42,0.95,0.46,599
"2019-12-03","Biden","politics","politics","Joe Biden Still Wants to Win Iowa. Here’s His Strategy.",0.59,0.87,0.51,0.65,1219
"2019-12-05","Biden","politics","politics","Joe Biden Trades Barbs With Voter in Iowa: ‘You’re a Damn Liar’",-0.4,-0.08,-0.66,-0.38,953
"2019-12-05","Bloomberg","politics","politics","Bloomberg Proposes Sweeping Gun Agenda, Including Federal Licensing",-0.34,-0.76,-0.56,-0.55,1174
"2019-12-05","Buttigieg","editorial","opinion","Buttigieg’s Untenable Vow of Silence",0.0,0.0,-0.44,-0.15,695
"2019-12-04","Buttigieg","politics","politics","What Happened When Pete Buttigieg Toured the South to Meet Black Voters",0.0,0.0,0.4,0.13,1688
"2019-12-04","Biden","business","business","Biden Proposes Smaller Tax Increases Than Rivals Do",0.0,-0.1,-0.08,-0.06,904
"2019-12-04","Buttigieg","politics","politics","Liberal Veterans’ Group Endorses Pete Buttigieg in 2020 Race",0.34,0.32,0.54,0.4,684
"2019-12-06","Sanders","podcasts","other","Interviewing Bernie Sanders",0.0,0.0,0.0,0.0,693
"2019-12-07","Buttigieg","politics","politics","Buttigieg Struggles to Square Transparency With Nondisclosure Agreement",0.18,0.48,0.15,0.27,1614
"2019-12-06","Sanders","podcasts","other","The Candidates: Bernie Sanders",0.0,0.0,0.0,0.0,1266
"2019-12-06","Buttigieg","politics","politics","Buttigieg Attacks Top Democratic Rivals on Tuition-Free College for All",-0.27,0.03,-0.4,-0.22,1270
"2019-12-06","Biden","politics","politics","G.O.P. Tactic on Impeachment: Turn Ukraine Allegations Against Biden",0.0,0.0,-0.42,-0.14,1500
"2019-12-06","Bloomberg","politics","politics","What Michael Bloomberg Said About His 2020 Rivals in a TV Interview",0.0,0.25,0.3,0.18,1184
"2019-12-05","Bloomberg","politics","politics","Can Money Buy Bloomberg Love?",0.64,-0.4,0.0,0.08,952
"2019-12-06","Biden","nytnow","other","Joe Biden, Uber, Alanis Morissette: Your Friday Briefing",0.0,0.0,0.0,0.0,1273
"2019-12-06","Buttigieg","investigative","other","When Pete Buttigieg Was One of McKinsey’s ‘Whiz Kids’",0.0,0.49,0.34,0.28,2329
"2019-12-09","Buttigieg","politics","politics","Did Pete Buttigieg Help Black People in South Bend?",0.4,-0.68,0.0,-0.09,1249
"2019-12-09","Buttigieg","letters","other","Pete Buttigieg’s Stint at McKinsey: So What?",0.0,-0.51,0.0,-0.17,578
"2019-12-10","Warren","politics","politics","Elizabeth Warren Seeks a Second Act After Slip From the Top",0.2,0.2,-0.67,-0.09,1569
"2019-12-11","Biden","politics","politics","Joe Biden Calls for Immigration Overhaul, Acknowledging ‘Pain’ From Deportations",0.0,0.0,-0.35,-0.12,1146
"2019-12-10","Sanders","oped","opinion","Don’t Think Sanders Can Win? You Don’t Understand His Campaign",0.59,0.0,0.94,0.51,1200
"2019-12-10","Buttigieg","politics","politics","How Pete Buttigieg Spent His McKinsey Days: Blue Cross, Best Buy, U.S. Agencies",0.64,-0.36,0.64,0.3,1208
"2019-12-09","Warren","politics","politics","Elizabeth Warren Earned $1.9 Million Over 3 Decades for Corporate and Legal Work",0.13,-0.1,-0.1,-0.03,552
"2019-12-10","Sanders","politics","politics","Amid Bernie Sanders’s ‘Resurgence,’ a Progressive Coalition Endorses Him",0.34,0.42,-0.3,0.16,940
"2019-12-13","Warren","podcasts","other","Elizabeth Warren’s Turning Point",0.0,0.0,0.54,0.18,921
"2019-12-13","Warren","politics","politics","Elizabeth Warren Is Fighting a Two-Flank War",-0.75,-0.42,0.46,-0.24,1040
"2019-12-12","Biden","oped","opinion","President Joe Biden, 86, …",-0.38,0.0,0.0,-0.13,647
"2019-12-13","Sanders","politics","politics","Bernie Sanders Retracts Endorsement of Cenk Uygur After Criticism",-0.15,-0.77,0.32,-0.2,948
"2019-12-13","Warren","podcasts","other","The Candidates: Elizabeth Warren",0.0,0.0,0.0,0.0,1302
"2019-12-14","Buttigieg","oped","opinion","Is Pete Buttigieg Just Too Young to Be President?",0.0,-0.3,0.0,-0.1,1590
"2019-12-14","Bloomberg","politics","politics","‘Mayors for Mike’: How Bloomberg’s Money Built a 2020 Political Network",0.0,0.75,0.61,0.45,2065
"2019-12-14","Buttigieg","politics","politics","Buttigieg in the Spotlight: This Week in the 2020 Race",0.0,-0.3,0.67,0.12,1055
"2019-12-16","Bloomberg","politics","politics","Googled ‘Impeachment’ Lately? First Result Is a Bloomberg Ad",0.0,0.0,0.0,0.0,829
"2019-12-16","Buttigieg","magazine","other","How the Internet Came to Loathe Pete Buttigieg",-0.49,0.19,0.78,0.16,1138
"2019-12-18","Buttigieg","politics","politics","Pete Buttigieg Quit Playing Nice. Will He Pay for It at the Debate?",0.49,-0.46,0.48,0.17,1601
"2019-12-20","Warren","politics","politics","Warren Notes She’d Be ‘Youngest Woman Inaugurated’ as Democrats Debate Leadership",0.0,0.61,-0.42,0.06,1237
"2019-12-19","Warren","politics","politics","Elizabeth Warren to Meet With Native American Leaders in Oklahoma",0.0,0.27,0.34,0.2,557
"2019-12-19","Bloomberg","politics","politics","Michael Bloomberg’s Health Care Plan: A ‘Public Option’ and Caps on Patient Fees",0.49,0.0,0.62,0.37,1151
"2019-12-20","Biden","podcasts","other","The Candidates: Joe Biden",0.0,-0.65,0.0,-0.22,652
"2019-12-20","Biden","oped","opinion","Give Joe Biden His Due",0.0,0.64,0.0,0.21,1087
"2019-12-20","Buttigieg","politics","politics","Democratic Candidates Go on the Attack, and Buttigieg Is the Target",-0.48,-0.62,-0.44,-0.51,1847
"2019-12-20","Buttigieg","nytnow","other","Impeachment, Pete Buttigieg, Amazon: Your Friday Briefing",0.18,0.0,0.0,0.06,1288
"2019-12-23","Warren","politics","politics","Elizabeth Warren Returns to Oklahoma, Stressing Working-Class Roots",-0.36,-0.2,0.53,-0.01,1311
"2019-12-23","Buttigieg","politics","politics","Klobuchar Is Banking on Iowa Moderates. Her Problem: So Is Buttigieg.",-0.4,0.46,0.0,0.02,1237
"2019-12-25","Biden","politics","politics","The ‘But I Would Vote for Joe Biden’ Republicans",0.0,0.68,0.0,0.23,1618
"2019-12-24","Sanders","politics","politics","How Bernie Sanders Learned to Love Campaigning in California",0.64,0.84,0.0,0.49,1551
"2019-12-24","Biden","oped","opinion","Joe Biden’s Sharpness",0.0,0.0,0.0,0.0,659
"2019-12-27","Sanders","nytnow","other","Navy SEALs, Bernie Sanders, Kazakhstan: Your Friday Briefing",0.0,0.0,0.0,0.0,1411
"2019-12-27","Warren","politics","politics","‘Call Me Elizabeth’: Inside the Hours Elizabeth Warren Spends on the Phone",0.0,0.44,0.32,0.25,1562
"2019-12-29","Biden","letters","other","Is Biden the Best to Take On Trump?",0.64,0.44,0.0,0.36,274
"2019-12-28","Biden","politics","politics","Joe Biden Says He Would Comply With a Senate Subpoena, Reversing Course",0.0,-0.15,-0.3,-0.15,1180
"2019-12-31","Warren","politics","politics","Warren Urges Democrats to ‘Imagine’ a Better America (and Her as President)",0.44,0.54,-0.66,0.11,1432
"2019-12-30","Biden","politics","politics","A Biden-G.O.P. Ticket? He’s Open to It, but Doesn’t See Options",0.0,0.0,0.0,0.0,442
"2019-12-30","Sanders","politics","politics","Bernie Sanders Is in ‘Good Health,’ His Doctors Say",0.0,-0.48,-0.69,-0.39,432
"2020-01-03","Warren","politics","politics","Lagging Rivals, Elizabeth Warren Raised $21.2 Million in 4th Quarter",-0.27,0.0,0.2,-0.02,680
"2020-01-01","Buttigieg","politics","politics","He’s Not ‘Mayor Pete’ Anymore: Buttigieg’s Successor Is Sworn In",0.23,0.0,-0.3,-0.02,719
"2020-01-02","Biden","politics","politics","Joe Biden Says He Raised $22.7 Million in the Fourth Quarter",0.0,0.46,0.59,0.35,790
"2020-01-02","Biden","letters","other","Joe Biden, Demand That You Testify",-0.13,-0.52,0.0,-0.22,276
"2020-01-03","Biden","politics","politics","Biden Warns About Disinformation After Misleading Video",-0.48,-0.23,-0.74,-0.48,1267
"2020-01-03","Buttigieg","politics","politics","Pete Buttigieg and the One Percent",0.0,0.58,0.64,0.41,1878
"2020-01-06","Warren","politics","politics","Julián Castro Endorses Elizabeth Warren for President",0.34,0.49,0.3,0.38,448
"2020-01-07","Bloomberg","politics","politics","Bloomberg and Trump Buy Super Bowl Ads at $10 Million Each",0.6,0.56,0.77,0.64,863
"2020-01-07","Biden","politics","politics","Joe Biden, Seeking Commander-in-Chief Moment, Denounces Trump’s Iran Escalation",-0.44,-0.1,0.34,-0.07,1331
"2020-01-09","Sanders","politics","politics","Competing for Sanders’s New Hampshire Voters: Yang and Gabbard",0.0,0.03,0.03,0.02,1562
"2020-01-08","Warren","politics","politics","How Elizabeth Warren Is Being Squeezed by 2 Democratic Factions",0.0,0.59,0.0,0.2,1442
"2020-01-09","Sanders","politics","politics","Bernie Sanders’s Latest Endorsement: Sunrise Movement",0.32,0.0,0.0,0.11,955
"2020-01-08","Biden","politics","politics","How a Misleading Biden Video Spread",-0.4,0.0,0.46,0.02,1279
"2020-01-10","Buttigieg","politics","politics","Why Pete Buttigieg Has Made Religion Central to His Campaign",0.0,0.4,0.42,0.27,1720
"2020-01-11","Bloomberg","politics","politics","Michael Bloomberg Is Open to Spending $1 Billion to Defeat Trump",-0.46,0.36,-0.19,-0.1,797
"2020-01-10","Sanders","politics","politics","Bernie Sanders Leads Tight Race in New Iowa Poll",0.0,0.2,0.0,0.07,691
"2020-01-10","Warren","politics","politics","Elizabeth Warren Opens a New Front in Disability Policy",0.0,0.0,-0.46,-0.15,1571
"2020-01-09","Bloomberg","politics","politics","Around the Country in 17 Hours With Michael Bloomberg",0.0,0.0,0.56,0.19,1487
"2020-01-12","Bloomberg","politics","politics","Judge Judy Has Issued Her Decision: She Likes Michael Bloomberg",0.42,0.0,0.34,0.25,1225
"2020-01-13","Warren","universal","other","The Times Editorial Board Endorses Klobuchar and Warren",0.34,0.32,0.0,0.22,614
"2020-01-13","Sanders","upshot","opinion","Recent Poll May Be Underestimating Bernie Sanders’s Strength in Iowa",0.49,0.0,0.78,0.42,988
"2020-01-13","Biden","politics","politics","Joe Biden’s Vote for War",-0.6,0.08,0.0,-0.17,1969
"2020-01-12","Sanders","politics","politics","Local New Hampshire Union Backs Bernie Sanders, Bucking National Affiliate",-0.05,0.0,0.56,0.17,607
"2020-01-14","Warren","oped","opinion","Why Elizabeth Warren Feels ‘Very Uneasy’ Online",0.0,0.0,0.0,0.0,1364
"2020-01-15","Warren","oped","opinion","Elizabeth Warren’s Smart Answer on ‘Electability’",0.4,0.0,-0.2,0.07,854
"2020-01-13","Biden","politics","politics","New Iowa Poll Shows Tight Race, With Joe Biden Jumping Ahead",0.0,0.2,0.27,0.16,641
"2020-01-15","Warren","gender","other","The Big Risk Warren Took on the Question of a Female President",-0.27,0.0,0.0,-0.09,1099
"2020-01-13","Sanders","politics","politics","Bernie Sanders Says He’d Consider Releasing List of Supreme Court Picks",0.56,0.49,0.56,0.54,1469
"2020-01-15","Warren","politics","politics","Elizabeth Warren Confronts the Skeptics Who Fear Her Plans Go Too Far",-0.67,0.0,-0.34,-0.34,1685
"2020-01-16","Sanders","oped","opinion","Could Bernie Sanders Win It All?",0.59,-0.69,0.0,-0.04,850
"2020-01-15","Sanders","politics","politics","An Ad From Bernie Sanders Invokes J.F.K.",0.0,0.0,0.46,0.15,933
"2020-01-15","Warren","oped","opinion","Warren and Klobuchar Teach the Boys a Lesson",0.0,0.0,-0.46,-0.15,1238
"2020-01-17","Bloomberg","politics","politics","Michael Bloomberg Can Keep Details of His Wealth Hidden Until After Super Tuesday",0.8,0.0,0.23,0.34,463
"2020-01-16","Sanders","oped","opinion","President Bernie Sanders",0.0,0.0,0.0,0.0,700
"2020-01-16","Sanders","washington","politics","Senator Bernie Sanders ‘would rather be in Iowa.’",0.0,0.0,0.0,0.0,122
"2020-01-17","Biden","politics","politics","Joe Biden’s Poll Numbers Are Steady, but Are They Immovable?",0.0,0.0,0.46,0.15,939
"2020-01-18","Buttigieg","politics","politics","Would a 37-Year-Old Woman Be Where Pete Buttigieg Is?",0.0,0.0,0.3,0.1,4289
"2020-01-18","Biden","oped","opinion","Capt. ‘Sully’ Sullenberger: Like Joe Biden, I Once Stuttered, Too. I Dare You to Mock Me.",-0.3,0.0,-0.93,-0.41,760
"2020-01-21","Biden","politics","politics","Biden Dismisses Doubts on His Black Support: ‘You Know Better. You Know Better.’",0.53,0.38,0.74,0.55,522
"2020-01-20","Warren","letters","other","‘You Picked Two!’: Parsing the Klobuchar-Warren Endorsement",0.38,0.32,0.0,0.23,1235
"2020-01-21","Sanders","politics","politics","The Former Journalist Who Is Bernie Sanders’s Media Critic",-0.27,0.05,-0.24,-0.15,2036
"2020-01-20","Warren","politics","politics","New York Times Editorial Board Endorses Amy Klobuchar and Elizabeth Warren",0.34,0.48,0.57,0.46,969
"2020-01-20","Sanders","editorial","opinion","When Bernie Sanders Came to Visit",0.0,0.0,0.46,0.15,470
"2020-01-20","Biden","politics","politics","Mentioning Trump and K.K.K. in Same Sentence, Biden Condemns Hate",-0.77,0.53,-0.6,-0.28,1478
"2020-01-22","Buttigieg","politics","politics","Pete Buttigieg Once Led in Iowa. Can He Get His Groove Back?",0.0,0.56,0.0,0.19,1377
"2020-01-21","Sanders","politics","politics","‘Nobody Likes Him’: Hillary Clinton Risks a Party Split Over Bernie Sanders",0.53,-0.56,0.4,0.12,1522
"2020-01-23","Bloomberg","politics","politics","Seeing a Bloomberg Ad on Fox News, Trump Takes the Bait",0.0,-0.8,-0.3,-0.37,1110
"2020-01-22","Bloomberg","magazine","other","Michael Bloomberg’s Radically Conventional Campaign Against Donald Trump",0.0,-0.46,-0.42,-0.29,1126
"2020-01-21","Bloomberg","metro","other","‘I Was Wrong,’ Bloomberg Says. But This Policy Still Haunts Him.",-0.36,-0.15,0.0,-0.17,1797
"2020-01-21","Biden","oped","opinion","Trump Tried to Dirty the Biden Name. He May Still Get His Chance.",-0.23,-0.48,-0.51,-0.4,994
"2020-01-22","Sanders","upshot","opinion","What Polling Tells Us About Bernie Sanders’s Chances",0.2,0.65,0.4,0.42,1131
"2020-01-23","Biden","washington","politics","Giuliani again vows to release new evidence in a debunked Biden conspiracy theory.",-0.53,0.0,-0.03,-0.18,119
"2020-01-23","Sanders","oped","opinion","Please Stop Calling Bernie Sanders a Populist",0.03,0.42,0.2,0.21,875
"2020-01-22","Sanders","editorial","opinion","Mrs. Clinton, You Already Beat Bernie Sanders. Trump Is the Opponent Now.",0.0,0.82,0.87,0.57,502
"2020-01-23","Warren","editorial","opinion","When Elizabeth Warren Came to Visit",0.0,0.0,0.46,0.15,479
"2020-01-23","Biden","politics","politics","How Joe Biden Talks About a Touchy Subject: His Son",0.0,0.17,-0.38,-0.07,1601
"2020-01-23","Biden","washington","politics","Democrats make a strategic decision in focusing on the Bidens. Trump’s lawyer sees a mistake.",-0.34,0.0,0.0,-0.11,226
"2020-01-24","Biden","washington","politics","Kellyanne Conway jabs at Congress and the Bidens.",0.0,0.23,0.32,0.18,189
"2020-01-24","Biden","washington","politics","Graham says he’ll resist calls for the Bidens to testify.",0.0,0.0,-0.4,-0.13,164
"2020-01-24","Biden","politics","politics","Kamala Harris Is Said to Be Weighing an Endorsement of Joe Biden",0.32,-0.69,-0.61,-0.33,931
"2020-01-25","Sanders","politics","politics","Sanders Seizes Lead in Volatile Iowa Race, Times Poll Finds",0.0,0.28,0.4,0.23,1714
"2020-01-26","Warren","politics","politics","How Warren found out she won the Des Moines Register endorsement.",0.72,0.32,0.74,0.59,273
"2020-01-26","Warren","politics","politics","‘El-Liz-A-Beth!’ Warren jokes she needs a more ‘chantable’ name.",0.32,-0.18,0.72,0.29,116
"2020-01-27","Buttigieg","editorial","opinion","When Pete Buttigieg Came to Visit",0.0,0.32,0.46,0.26,428
"2020-01-27","Sanders","politics","politics","Bernie Sanders and His Internet Army",0.0,-0.77,0.13,-0.21,3118
"2020-01-27","Biden","washington","politics","Lawyers begin their assault on Joe Biden and his son Hunter.",-0.59,-0.2,0.36,-0.14,307
"2020-01-26","Sanders","politics","politics","Sanders ponders what could have been.",0.0,0.0,0.0,0.0,214
"2020-01-26","Biden","politics","politics","Biden told a teenager to ‘come back and visit.’ 47 years later, she did.",0.0,0.0,0.0,0.0,191
"2020-01-26","Biden","politics","politics","Biden has made a few misleading claims recently. Here’s a look.",-0.4,0.57,0.0,0.06,67
"2020-01-26","Warren","politics","politics","‘Women win’: Elizabeth Warren makes her electability pitch.",0.0,0.57,0.28,0.28,214
"2020-01-26","Buttigieg","politics","politics","A Klobuchar endorser switches to Buttigieg? Not quite.",0.0,0.0,0.75,0.25,307
"2020-01-26","Bloomberg","politics","politics","Bloomberg Warns of Anti-Semitism ‘Rearing Its Ugly Head’",-0.57,0.61,0.61,0.22,1323
"2020-01-26","Biden","national","politics","Fact-Checking Joe Biden Before the Iowa Caucuses",0.0,0.34,0.18,0.17,2269
"2020-01-27","Warren","politics","politics","‘There’s a shift occurring’: Ayanna Pressley stumps for Warren in South Carolina.",0.0,0.4,0.73,0.38,238
"2020-01-27","Biden","upshot","opinion","Biden’s Iowa Problem: Our Poll Suggests His Voters Aren’t the Caucusing Type",-0.4,0.0,0.0,-0.13,1340
"2020-01-26","Sanders","politics","politics","Sanders returns to Iowa: ‘I am really delighted to be here.’",0.56,0.0,0.0,0.19,258
"2020-01-26","Buttigieg","politics","politics","Pete Buttigieg remembers Kobe Bryant as an ‘extraordinary athlete.’",0.0,0.42,-0.6,-0.06,232
"2020-01-27","Bloomberg","politics","politics","In Florida speech, Bloomberg warns about rising anti-Semitism.",-0.1,-0.9,0.61,-0.13,407
"2020-01-27","Biden","politics","politics","Biden debuts his smallest, and cutest, campaign surrogate yet.",0.59,0.0,0.05,0.21,187
"2020-01-27","Bloomberg","politics","politics","Bloomberg Is Taunting Trump, and Trump Is Taking the Bait",0.0,-0.77,0.0,-0.26,1563
"2020-01-26","Biden","politics","politics","Biden picks up a helpful (and rare) newspaper endorsement.",0.62,0.28,0.3,0.4,206
"2020-01-26","Biden","politics","politics","‘I was raised in the black church politically,’ Biden says at N.A.A.C.P. event.",0.0,0.8,0.49,0.43,205
"2020-01-27","Biden","washington","politics","Trump denies Bolton’s account linking Ukraine’s aid to Biden investigations.",-0.42,0.0,0.0,-0.14,94
"2020-01-26","Warren","politics","politics","Des Moines Register Endorses Elizabeth Warren as Iowa Caucuses Approach",0.34,0.81,0.74,0.63,729
"2020-01-27","Buttigieg","politics","politics","How Pete Buttigieg Tailors His Message to Black and White Voters",0.0,0.4,0.13,0.18,1527
"2020-01-28","Biden","politics","politics","Joni Ernst Asks if Impeachment Trial Will Turn Iowa Caucusgoers Against Biden. They Answer.",0.0,0.0,0.39,0.13,1050
"2020-01-29","Biden","washington","politics","Joe Manchin, a Democrat, is open to calling Hunter Biden.",0.0,0.0,0.56,0.19,282
"2020-01-29","Biden","editorial","opinion","When Joe Biden Came to Visit",0.0,0.0,0.46,0.15,443
"2020-01-29","Biden","politics","politics","Biden Plans a Counterattack at Trump as Impeachment Tensions Rise",-0.4,0.0,-0.59,-0.33,563
"2020-01-29","Biden","washington","politics","Senators ask when the president wanted to pursue an investigation of the Bidens.",0.0,0.46,0.46,0.31,168
"2020-01-29","Bloomberg","politics","politics","As Other Democrats Feud, Bloomberg Hammers Trump on Health Care",0.2,-0.66,-0.69,-0.38,1506
"2020-01-27","Biden","washington","politics","In Iowa, Biden says he has nothing to defend.",0.0,0.0,-0.48,-0.16,185
"2020-01-27","Sanders","politics","politics","In Iowa, the ‘Not Sanders’ Democrats Find Voters Torn",-0.25,0.18,0.48,0.13,1667
"2020-01-29","Warren","business","business","Warren Buffett Will Sell His Newspaper Empire",0.0,0.34,0.27,0.2,240
"2020-01-29","Sanders","politics","politics","Super PAC Attacks Sanders in an Ad. Sanders Raises $1.3 Million in a Day.",0.25,0.49,0.68,0.47,557
"2020-01-28","Biden","washington","politics","In Iowa, Biden seizes on Republican senator’s comments.",0.0,0.0,-0.73,-0.24,200
"2020-01-28","Biden","magazine","other","Is a Good-Enough Candidacy Good Enough for Joe Biden?",0.44,0.62,-0.49,0.19,5334
"2020-01-28","Biden","washington","politics","Republican senator suggests White House defense could hurt Biden in Iowa caucuses.",-0.44,0.0,-0.27,-0.24,200
"2020-01-28","Sanders","politics","politics","Pro-Israel Democratic Super PAC to Air Attack Ads Against Bernie Sanders",0.2,-0.4,-0.44,-0.21,1174
"2020-01-29","Biden","politics","politics","On Politics: Biden Seizes on a Comment",0.0,-0.3,-0.3,-0.2,1552
"2020-01-29","Biden","politics","politics","As Biden Makes Push in Iowa, His Ground Game May Have Some Gaps",0.0,-0.74,0.36,-0.13,1301
"2020-01-29","Warren","politics","politics","Elizabeth Warren’s Iowa Pivot: From Her Plans to Her Plan to Win",0.59,0.32,0.76,0.55,1673
"2020-01-29","Biden","politics","politics","Biden Aides Weigh Pursuing an Iowa Caucus Alliance With Klobuchar",0.0,0.84,0.64,0.5,660
"2020-01-27","Biden","washington","politics","Trump Denies Telling Bolton That Ukraine’s Aid Depended on Biden Investigations",-0.42,-0.23,0.34,-0.1,914
"2020-01-28","Buttigieg","politics","politics","How People of Color Inside the Buttigieg Campaign Sought to Be Heard",0.0,-0.46,0.61,0.05,2217
"2020-01-27","Sanders","politics","politics","Sanders shifts focus to turnout.",0.0,0.59,-0.61,-0.01,288
"2020-01-30","Bloomberg","politics","politics","Watch Bloomberg and Trump’s Very Different Super Bowl Ads",0.63,0.59,-0.05,0.39,1140
"2020-01-31","Bloomberg","politics","politics","Bloomberg Fueled His Campaign With $200 Million From His Own Fortune",0.0,0.49,0.0,0.16,1156
"2020-01-30","Sanders","politics","politics","Bernie Sanders Is Still Sad About the Dodgers",-0.48,0.0,0.0,-0.16,1530
"2020-01-30","Biden","oped","opinion","Why Having Hunter Biden Testify Would Be Bad for Trump",-0.54,0.4,0.27,0.04,1181
"2020-01-30","Biden","politics","politics","How Iowa Could Decide Joe Biden’s Fund-Raising Future",0.0,0.0,0.0,0.0,1674
"2020-01-31","Bloomberg","politics","politics","D.N.C. Rules Change for Nevada Debate Could Open Door for Bloomberg",0.0,0.4,0.2,0.2,1148
"2020-01-30","Biden","washington","politics","Requests for inquiries weren’t ‘necessarily’ about the Bidens, Trump lawyer says.",0.0,-0.42,-0.36,-0.26,237
"2020-01-30","Sanders","upshot","opinion","Bernie Sanders, and How Indian Food Can Predict Vote Choice",0.0,0.0,0.57,0.19,927
"2020-01-30","Warren","washington","politics","Warren puts Roberts on the spot over witnesses in the impeachment trial.",0.0,0.48,0.53,0.33,201
"2020-01-31","Sanders","styles","other","The Scent of Bernie Sanders",0.0,0.36,0.6,0.32,846
"2020-01-31","Biden","summary","other","Quotation of the Day: Iowa Could Make or Break Biden’s War Chest",-0.6,0.0,-0.27,-0.29,67
"2020-01-31","Sanders","politics","politics","Bernie Sanders’s Surge Owes a Lot to Voters of Color",0.0,-0.51,0.46,-0.02,1001
"2020-01-31","Sanders","oped","opinion","Bernie Sanders Can’t Win",0.59,-0.07,-0.4,0.04,954
"2020-01-31","Buttigieg","politics","politics","‘You Can’t Fake Those Kind of Skills’: Pete Buttigieg’s Charisma Test",-0.48,-0.72,0.13,-0.36,1688
"2020-02-01","Biden","washington","politics","Biden says his focus is on defeating Trump at the ballot box.",-0.38,0.0,-0.6,-0.33,220
"2020-02-01","Sanders","washington","politics","Fact-Checking Bernie Sanders Before the Iowa Caucuses",0.0,-0.1,-0.13,-0.08,1849
"2020-02-01","Biden","politics","politics","Why Jill Biden Is Taking Time Off to Help Her Husband Get a Job",0.4,0.69,-0.25,0.28,2065
"2020-02-03","Bloomberg","metro","other","He Worked for Obama and Bloomberg. Could He Be N.Y.C.’s Next Mayor?",0.0,0.0,0.0,0.0,845
"2020-02-03","Buttigieg","politics","politics","America Has Had a Year to Learn How to Say Buttigieg. And Yet.",0.0,0.0,0.0,0.0,828
"2020-02-03","Biden","oped","opinion","Joe Biden: A Really Nice Guy for President",0.48,0.08,0.4,0.32,1127
"2020-02-01","Sanders","politics","politics","Hillary Clinton Slams Bernie Sanders for Not Working to Unite Democrats in 2016",0.0,0.0,0.78,0.26,846
"2020-02-03","Bloomberg","washington","politics","Impeachment All but Behind Him, Trump Celebrates and Keeps Focus on Bloomberg",0.72,-0.32,0.0,0.13,1043
"2020-02-01","Bloomberg","politics","politics","Bloomberg Proposes $5 Trillion in Taxes on the Rich and Corporations",0.56,0.28,0.02,0.29,996
"2020-02-04","Buttigieg","politics","politics","Buttigieg Seizes on an Opportunity as Democrats Jostle for Advantage",0.59,0.53,0.58,0.56,1291
"2020-02-05","Buttigieg","nytnow","other","Pete Buttigieg, Coronavirus, Tesla: Your Wednesday Briefing",0.0,0.0,0.0,0.0,1626
"2020-02-05","Biden","politics","politics","What Went Wrong for Joe Biden in Iowa",-0.48,-0.15,-0.87,-0.5,2102
"2020-02-06","Bloomberg","politics","politics","Bloomberg Pursues Wealthy Donors, but Not Their Checkbooks",0.19,0.75,0.0,0.31,1580
"2020-02-06","Sanders","politics","politics","What Are Iowa’s Satellite Caucuses? And How Did They Help Bernie Sanders?",0.47,0.34,0.0,0.27,1042
"2020-02-06","Sanders","politics","politics","Sanders Raises $25 Million in January, a Huge Show of Financial Strength",0.67,-0.05,0.25,0.29,1075
"2020-02-07","Buttigieg","politics","politics","How Pete Buttigieg Became the Surprise of the Iowa Caucuses",0.27,-0.08,0.23,0.14,1791
"2020-02-07","Buttigieg","politics","politics","The Latest New Hampshire Polls: Buttigieg Looks Competitive",0.18,0.42,0.46,0.35,1142
"2020-02-06","Biden","washington","politics","Republicans in Senate Press On With Investigation Into Hunter Biden",0.0,0.44,0.03,0.16,369
"2020-02-07","Bloomberg","washington","politics","Navy Secretary Pushed Out by Trump Says He’ll Endorse Bloomberg",0.32,-0.74,0.81,0.13,745
"2020-02-07","Biden","politics","politics","Joe Biden Shakes Up Campaign Leadership, Elevating Anita Dunn",0.0,-0.49,-0.81,-0.43,604
"2020-02-08","Biden","politics","politics","Wobbly After Iowa, Biden Confronts a Perilous Moment",-0.23,-0.79,0.23,-0.26,1745
"2020-02-09","Biden","washington","politics","Justice Dept. Reviewing Information From Giuliani on the Bidens, Graham Says",0.53,0.0,0.53,0.35,535
"2020-02-08","Biden","politics","politics","Biden Tells Voters to Look to the Past. (Just Not the Last Week.)",0.0,0.0,0.83,0.28,1435
"2020-02-08","Buttigieg","politics","politics","Amy Klobuchar Compares ‘Cool Newcomer’ Pete Buttigieg to Trump",0.0,-0.34,-0.27,-0.2,569
"2020-02-11","Bloomberg","politics","politics","How the Founder of Black Voters Matter Thinks About Bloomberg",0.03,0.4,0.03,0.15,1012
"2020-02-11","Warren","politics","politics","Elizabeth Warren, in New Memo, Outlines Her Path and Rivals’ Flaws",0.0,0.62,-0.78,-0.05,1130
"2020-02-10","Sanders","oped","opinion","Why Bernie Sanders Praised Amazon",0.6,-0.19,0.0,0.14,1109
"2020-02-11","Bloomberg","politics","politics","Bloomberg’s Blunt Defense of Stop-and-Frisk Policy Draws Scrutiny",0.13,0.0,0.13,0.09,788
"2020-02-12","Biden","culture","other","Late Night Takes On Joe Biden’s Cold Shoulder in New Hampshire",0.0,0.32,0.95,0.42,675
"2020-02-12","Bloomberg","washington","politics","Trump Takes On Bloomberg and Once Again Hijacks a News Cycle",0.0,-0.3,-0.66,-0.32,1079
"2020-02-11","Sanders","oped","opinion","President Bernie Sanders?",0.0,0.7,0.0,0.23,1454
"2020-02-12","Warren","politics","politics","What’s Next for Elizabeth Warren? ‘My Job Is to Persist.’",0.0,0.15,0.08,0.07,1701
"2020-02-13","Bloomberg","washington","politics","‘Mass of Dead Energy’ vs. ‘Barking Clown’: Trump and Bloomberg Swap Insults",-0.8,0.51,-0.77,-0.35,487
"2020-02-12","Sanders","politics","politics","Centrist Democrats Want to Stop Sanders. They’re Not Sure Who Can.",-0.43,0.69,-0.83,-0.19,1853
"2020-02-12","Sanders","oped","opinion","I Worry About Sanders, and His Coattails",-0.44,0.87,0.0,0.14,867
"2020-02-12","Bloomberg","washington","politics","Responding to Critics, Bloomberg Omits Role in Expanding Stop-and-Frisk",-0.3,0.0,-0.32,-0.2,850
"2020-02-13","Sanders","oped","opinion","Bernie Sanders Isn’t a Socialist",0.0,-0.26,0.59,0.11,873
"2020-02-12","Sanders","washington","politics","Moderate Democrats Fear Bernie Sanders Could Cost Them the House",-0.49,-0.46,0.63,-0.11,1236
"2020-02-13","Bloomberg","politics","politics","The Bloomberg Campaign Is a Waterfall of Cash",0.0,-0.17,0.5,0.11,1919
"2020-02-11","Warren","politics","politics","Elizabeth Warren Is Running Her Race. The Real One May Be Passing Her By.",0.0,0.3,0.0,0.1,1432
"2020-02-12","Sanders","politics","politics","Bernie Sanders Scores Narrow Victory in New Hampshire Primary",0.0,0.0,0.88,0.29,1873
"2020-02-12","Sanders","business","business","A Wall St. Giant Says Sanders Would ‘Ruin’ the Economy",0.0,0.18,0.85,0.34,1117
"2020-02-13","Bloomberg","oped","opinion","The Notorious Michael R. Bloomberg",-0.44,-0.71,-0.77,-0.64,1140
"2020-02-12","Biden","politics","politics","For Joe Biden, Two Bad Losses and a Precarious Path Forward",-0.74,-0.36,-0.62,-0.57,1224
"2020-02-12","Bloomberg","oped","opinion","Paging Michael Bloomberg",0.0,0.54,-0.57,-0.01,1465
"2020-02-13","Bloomberg","styles","other","Michael Bloomberg’s Campaign Suddenly Drops Memes Everywhere",0.0,0.0,0.36,0.12,889
"2020-02-12","Sanders","oped","opinion","Bernie Sanders, Front-Runner",0.0,0.53,0.0,0.18,721
"2020-02-13","Bloomberg","politics","politics","Bloomberg Once Linked 2008 Crisis to End of Redlining Bias in Home Loans",-0.67,-0.59,-0.88,-0.71,1662
"2020-02-12","Sanders","oped","opinion","Bernie Sanders Has Already Won",0.57,0.4,0.89,0.62,1061
"2020-02-13","Biden","politics","politics","Biden Needs Black Voters to Lift His Campaign. But He Has Competition.",0.0,-0.25,0.85,0.2,1710
"2020-02-13","Sanders","politics","politics","As Sanders Rises, Some Democrats Are Jittery About Possible Consequences",0.0,-0.44,0.44,0.0,1468
"2020-02-13","Bloomberg","letters","other","Is Bloomberg the Democrats’ Best Hope?",0.8,-0.4,0.0,0.13,534
"2020-02-14","Buttigieg","politics","politics","What Being a Mayor Taught Pete Buttigieg",0.0,-0.34,-0.83,-0.39,2782
"2020-02-15","Bloomberg","oped","opinion","Bloomberg Is Right About the 2008 Financial Crash",-0.4,0.38,0.82,0.27,1288
"2020-02-15","Bloomberg","oped","opinion","The Bloomberg Temptation",0.0,0.0,0.59,0.2,862
"2020-02-15","Buttigieg","politics","politics","Pete Buttigieg’s Dash for Cash: 10 Fund-Raisers in Two Weeks",0.0,0.75,0.69,0.48,1264
"2020-02-14","Bloomberg","oped","opinion","Mike Bloomberg Is Hacking Your Attention",0.0,-0.57,-0.15,-0.24,1317
"2020-02-14","Sanders","politics","politics","Bernie Sanders Is on the Rise. But How High Can His Numbers Go?",0.0,0.08,0.46,0.18,1187
"2020-02-14","Bloomberg","culture","other","Trump and Bloomberg’s Twitter Fight: ‘Like if a Rap Battle Was on CNBC’",-0.64,0.0,0.95,0.11,739
"2020-02-14","Sanders","politics","politics","Bill de Blasio Endorses Bernie Sanders",0.34,0.0,-0.32,0.01,408
"2020-02-16","Sanders","politics","politics","The Next Hurdle for Bernie Sanders: Nevada’s Top Union Dislikes ‘Medicare for All’",-0.23,0.0,0.65,0.14,1610
"2020-02-17","Biden","oped","opinion","Did Biden Scare Off Our Next President?",-0.49,0.31,0.65,0.15,860
"2020-02-17","Bloomberg","politics","politics","Past Remarks Are Challenging for Bloomberg, and Fair Game for Rivals",0.44,-0.23,-0.62,-0.14,1281
"2020-02-17","Bloomberg","business","business","Bloomberg News’s Dilemma: How to Cover a Boss Seeking the Presidency",-0.18,-0.03,0.0,-0.07,1382
"2020-02-17","Biden","politics","politics","Biden, Seeking Revival, Is Counting on at Least Second Place in Nevada",0.0,0.0,0.05,0.02,1608
"2020-02-16","Bloomberg","politics","politics","Democrats Look Ahead From Nevada and See a Common Enemy: Bloomberg",-0.54,0.75,0.0,0.07,1501
"2020-02-17","Bloomberg","politics","politics","On Politics: Bloomberg Under the Microscope",0.0,0.0,0.0,0.0,1292
"2020-02-18","Bloomberg","oped","opinion","The Trumpian Liberalism of Michael Bloomberg",0.0,0.0,0.67,0.22,1149
"2020-02-19","Bloomberg","oped","opinion","I Was the Judge in the Stop-and-Frisk Case. I Don’t Think Bloomberg Is Racist.",-0.61,-0.3,-0.84,-0.58,992
"2020-02-18","Bloomberg","politics","politics","On Politics: Bloomberg’s in the Debate",0.0,0.0,0.0,0.0,1270
"2020-02-18","Bloomberg","podcasts","other","Michael Bloomberg’s Not-So-Secret Weapon",-0.3,0.21,0.0,-0.03,287
"2020-02-19","Bloomberg","politics","politics","When Did Bloomberg Turn Against Stop-and-Frisk? When He Ran for President.",0.0,0.0,0.04,0.01,3438
"2020-02-19","Bloomberg","metro","other","What to Watch For as Michael Bloomberg Debates",0.0,0.0,0.0,0.0,1260
"2020-02-18","Bloomberg","politics","politics","Michael Bloomberg Surges in Polls and Qualifies for 2 Democratic Debates",0.0,0.23,0.0,0.08,1086
"2020-02-17","Bloomberg","nytnow","other","Coronavirus, Michael Bloomberg, Mississippi Flooding: Your Monday Briefing",0.0,0.0,0.0,0.0,1412
"2020-02-18","Bloomberg","nytnow","other","Coronavirus, Michael Bloomberg, Boy Scouts: Your Tuesday Briefing",0.0,0.0,0.0,0.0,1495
"2020-02-19","Warren","politics","politics","Elizabeth Warren, Long a Super PAC Critic, Gets Help From One",0.67,0.78,0.86,0.77,479
"2020-02-18","Warren","politics","politics","How Elizabeth Warren’s Camp Is Seeking to Regain the Spotlight",0.0,-0.25,0.53,0.09,1655
"2020-02-18","Bloomberg","business","business","Michael Bloomberg Leans Left With Plan to Rein In Wall St.",0.0,0.0,0.4,0.13,1389
"2020-02-19","Buttigieg","politics","politics","Watchdog Says Buttigieg Campaign Exploited Super PAC Loophole",0.23,0.35,0.46,0.35,1585
"2020-02-19","Sanders","upshot","opinion","Sanders Gains in Post-New Hampshire Polling",0.34,0.74,0.79,0.62,1180
"2020-02-19","Bloomberg","oped","opinion","Bloomberg’s Debate Downer",0.0,0.0,0.27,0.09,928
"2020-02-18","Buttigieg","washington","politics","Fact-Checking Pete Buttigieg Before the Nevada Caucuses",0.0,-0.89,0.74,-0.05,2280
"2020-02-19","Buttigieg","politics","politics","Pete Buttigieg Hoped to Win Over Voters of Color. It Still Hasn’t Happened.",0.75,0.73,0.42,0.63,1499
"2020-02-21","Biden","politics","politics","Biden Adds a Claim to His Biography: An Arrest in South Africa",-0.34,-0.48,-0.61,-0.48,1266
"2020-02-20","Warren","politics","politics","Elizabeth Warren ‘Crushed’ the Debate. But Is It Too Late?",0.0,0.44,0.0,0.15,1450
"2020-02-20","Sanders","politics","politics","Democrats Pile on Bernie Sanders as Urgency Grows",0.0,-0.1,-0.51,-0.2,1074
"2020-02-21","Bloomberg","politics","politics","How Bloomberg Bungled a Debate That He Had Been Prepped For",0.0,0.15,-0.25,-0.03,1639
"2020-02-21","Sanders","washington","politics","Russia Is Said to Be Interfering to Aid Sanders in Democratic Primaries",0.0,-0.48,0.49,0.01,1136
"2020-02-21","Warren","politics","politics","On Politics: Is Warren Back in It?",0.0,0.0,0.0,0.0,1470
"2020-02-20","Bloomberg","business","business","Bloomberg’s Bruising Debate Dents His Odds",0.0,0.49,0.08,0.19,1376
"2020-02-20","Bloomberg","nytnow","other","Hanau, Coronavirus, Michael Bloomberg: Your Thursday Briefing",0.0,0.0,0.0,0.0,1474
"2020-02-21","Warren","oped","opinion","Elizabeth Warren’s Big Strengths",0.4,-0.42,0.0,-0.01,712
"2020-02-20","Bloomberg","oped","opinion","Despite His Billions, Bloomberg Busts",0.0,0.36,0.0,0.12,1288
"2020-02-21","Sanders","oped","opinion","Why Sanders Will Probably Win the Nomination",0.59,0.0,0.85,0.48,877
"2020-02-19","Bloomberg","politics","politics","On Politics: Can Bloomberg Take the Heat?",0.0,0.0,0.0,0.0,1110
"2020-02-20","Bloomberg","oped","opinion","Could Bloomberg Buy the Nomination?",0.0,0.44,0.0,0.15,862
"2020-02-19","Sanders","politics","politics","Sanders Suggests He Won’t Release Full Medical Records",0.0,-0.26,-0.65,-0.3,621
"2020-02-20","Biden","politics","politics","Protesters Denounce Biden’s Immigration Record at Democratic Debate",-0.51,-0.23,0.23,-0.17,601
"2020-02-20","Sanders","oped","opinion","Another Gift to Sanders",0.44,0.0,0.0,0.15,515
"2020-02-20","Bloomberg","politics","politics","Billions of Targets on His Back, Bloomberg Joins the Debate Fray",0.0,0.34,0.69,0.34,1513
"2020-02-21","Bloomberg","politics","politics","Bloomberg, in Reversal, Says He’ll Release 3 Women From Nondisclosure Agreements",0.27,-0.25,-0.46,-0.15,1528
"2020-02-22","Warren","business","business","Warren Buffett Praises Performance, but Offers No Surprises in Annual Letter",0.19,-0.15,0.69,0.24,715
"2020-02-22","Sanders","washington","politics","Same Goal, Different Playbook: Why Russia Would Support Trump and Sanders",0.4,0.37,0.32,0.36,1592
"2020-02-23","Sanders","politics","politics","5 Takeaways From the Nevada Caucuses (The Big One: Sanders Takes Control)",0.0,0.57,0.82,0.46,1441
"2020-02-23","Sanders","politics","politics","How Bernie Sanders Dominated in Nevada",0.0,0.0,0.89,0.3,1727
"2020-02-23","Sanders","oped","opinion","Bernie Sanders Isn’t the Left’s Trump",0.0,-0.3,0.77,0.16,315
"2020-02-22","Bloomberg","business","business","Digital Edits, a Paid Army: Bloomberg Is ‘Destroying Norms’ on Social Media",0.0,0.18,-0.08,0.03,1258
"2020-02-23","Sanders","oped","opinion","Bernie Sanders Is Making a Big Mistake",-0.34,0.48,0.59,0.24,934
"2020-02-22","Sanders","politics","politics","Bernie Sanders, the Teflon Candidate, Faces Sudden New Tests",0.0,-0.2,-0.46,-0.22,1975
"2020-02-22","Sanders","oped","opinion","Bernie Sanders Romps in Nevada. Is He Unstoppable?",-0.2,0.0,0.92,0.24,918
"2020-02-23","Sanders","politics","politics","Bernie Sanders Wins Nevada Caucuses, Strengthening His Primary Lead",0.78,0.51,0.38,0.56,1845
"2020-02-25","Bloomberg","express","other","Michael Bloomberg’s Longtime Partner Defends His Nondisclosure Agreements",0.27,0.0,-0.05,0.07,522
"2020-02-25","Biden","politics","politics","Politics, Money, Siblings: The Ties Between Joe Biden and Valerie Biden Owens",0.0,0.0,0.0,0.0,1994
"2020-02-24","Warren","business","business","Warren Buffett Has a Problem With ‘Independent’ Directors",-0.4,0.0,0.49,0.03,1547
"2020-02-24","Sanders","national","politics","Sanders’s Comments on Fidel Castro Provoke Anger in Florida",-0.75,0.0,0.74,-0.01,1169
"2020-02-24","Sanders","nytnow","other","Coronavirus, Bernie Sanders, India: Your Monday Briefing",0.0,0.0,0.0,0.0,1398
"2020-02-24","Sanders","politics","politics","Sanders Says He’ll Attract a Wave of New Voters. It Hasn’t Happened.",0.36,0.0,0.0,0.12,1358
"2020-02-24","Sanders","oped","opinion","Why Swing-District Democrats Don’t Want Bernie Sanders as the Nominee",0.08,0.1,0.63,0.27,1007
"2020-02-25","Sanders","oped","opinion","Putin Would Hate President Bernie Sanders",-0.57,0.66,0.1,0.06,951
"2020-02-24","Sanders","politics","politics","On Politics: Watch Where Sanders Goes",0.0,0.6,0.0,0.2,1421
"2020-02-26","Sanders","politics","politics","Bernie Sanders, Confronted on Immunity for Gun Manufacturers, Says That Was a ‘Bad Vote’",-0.49,-0.69,-0.91,-0.7,538
"2020-02-27","Bloomberg","oped","opinion","The Case for Mike Bloomberg",0.0,0.0,0.71,0.24,738
"2020-02-25","Warren","politics","politics","Elizabeth Warren’s Fans Want to Know: Can She Do It Again at Tonight’s Debate?",0.08,0.53,0.74,0.45,1074
"2020-02-25","Sanders","business","business","Chris Matthews Apologizes to Bernie Sanders for Remarks on Nevada Win",0.74,-0.72,-0.4,-0.13,632
"2020-02-26","Sanders","politics","politics","Bernie Sanders Heard His Name a Lot",0.0,0.0,-0.32,-0.11,1416
"2020-02-27","Bloomberg","oped","opinion","Bloomberg, the Mayor Who Menaced Blackness",-0.4,-0.72,-0.42,-0.51,1809
"2020-02-27","Bloomberg","washington","politics","Bloomberg Pledges Restraint on Executive Power but Reserves Legal Wiggle Room",0.19,0.08,-0.76,-0.17,1208
"2020-02-26","Sanders","oped","opinion","‘Nobody Likes’ Bernie Sanders. It Doesn’t Matter.",0.03,0.62,0.0,0.22,640
"2020-02-27","Biden","oped","opinion","The Case for Joe Biden",0.0,0.71,0.87,0.53,762
"2020-02-27","Sanders","oped","opinion","The Case for Bernie Sanders",0.0,0.66,0.84,0.5,707
"2020-02-26","Sanders","politics","politics","Amid Insults and Interruptions, Sanders Absorbs Burst of Attacks in Debate",-0.81,-0.72,0.08,-0.48,1889
"2020-02-25","Sanders","oped","opinion","Imagine Bernie Sanders in the Oval Office",0.0,0.44,0.59,0.34,1595
"2020-02-27","Sanders","nytnow","other","Coronavirus, Bernie Sanders, Mets: Your Thursday Evening Briefing",0.0,0.0,0.0,0.0,1152
"2020-02-27","Bloomberg","metro","other","De Blasio’s New Side Hustle: Trolling Bloomberg",0.0,-0.78,-0.66,-0.48,800
"2020-02-26","Bloomberg","styles","other","It’s Facebook vs. the Bloomberg Campaign vs. the Internet",0.0,0.0,0.0,0.0,797
"2020-02-26","Biden","politics","politics","‘He Hasn’t Been Here’: Why Joe Biden Lags in Super Tuesday States",0.34,0.06,-0.3,0.04,1423
"2020-02-27","Sanders","politics","politics","Democratic Leaders Willing to Risk Party Damage to Stop Bernie Sanders",-0.59,0.4,0.46,0.09,2358
"2020-02-25","Sanders","politics","politics","Bernie Sanders Outlines Funding for His Plans, but It May Not All Add Up",0.0,-0.1,-0.23,-0.11,1043
"2020-02-27","Biden","politics","politics","On Politics: A Boost for Biden",0.4,0.32,0.25,0.32,1362
"2020-02-27","Buttigieg","oped","opinion","The Case for Pete Buttigieg",0.0,0.0,-0.33,-0.11,735
"2020-02-27","Warren","oped","opinion","The Case for Elizabeth Warren",0.0,0.0,-0.83,-0.28,833
"2020-02-28","Sanders","politics","politics","Sanders Is Stirring Cold War Angst. Young Voters Say, So What?",-0.6,0.0,0.61,0.0,1612
"2020-02-29","Bloomberg","politics","politics","Making Pitch to Voters, Bloomberg Peddles His Experience in a Crisis",-0.62,-0.3,-0.2,-0.37,1127
"2020-02-29","Bloomberg","politics","politics","Michael Bloomberg Will Address Coronavirus in Prime-Time TV Ad",0.0,0.0,0.64,0.21,412
"2020-02-28","Warren","business","business","The Flaw in Warren Buffett’s Estate Plan",0.0,-0.33,0.53,0.07,1312
"2020-02-28","Warren","politics","politics","Elizabeth Warren Has Won Black Activists. She’s Losing the Black Vote.",0.27,0.71,0.18,0.39,1606
"2020-02-28","Warren","politics","politics","Elizabeth Warren Gets Giant Lift From Persist PAC",0.0,0.83,0.9,0.58,435
"2020-02-29","Biden","politics","politics","Joe Biden’s Last Stand",0.0,0.91,-0.3,0.21,1657
"2020-02-28","Sanders","oped","opinion","Bernie Sanders Can Beat Trump. Here’s the Math.",0.0,0.42,-0.08,0.11,1150
"2020-02-29","Sanders","politics","politics","The Pied Pipers of the Dirtbag Left Want to Lead Everyone to Bernie Sanders",0.08,-0.32,-0.66,-0.3,2690
"2020-02-28","Sanders","washington","politics","Pelosi, Trying to Save House Majority, Fends Off Angst Over Sanders",0.49,-0.32,-0.13,0.02,1289
"2020-02-29","Biden","oped","opinion","Joe Biden Needs a Win in South Carolina. Will He Get It?",0.59,0.54,-0.13,0.33,1031
"2020-02-28","Sanders","oped","opinion","No, Not Sanders, Not Ever",-0.3,0.0,0.27,-0.01,888
"2020-02-28","Biden","culture","other","There’s a New Artist in Town. The Name Is Biden.",0.0,-0.48,0.0,-0.16,1650
"2020-03-01","Biden","politics","politics","Joe Biden Had a Big Night. He Needs Another in 72 Hours.",0.0,0.75,0.44,0.4,1712
"2020-03-01","Buttigieg","politics","politics","For Buttigieg, a Search for Black Support That Never Arrived",0.4,-0.15,0.7,0.32,1325
