"Date","Candidates","NewsDesk","Category","SentScore(headline)","SentScore(abstract)","SentScore(lead)","SentScore(Avg)","Count"
"2019-06-01","Warren","national","politics",0.0,0.49,0.48,0.32,1317
"2019-06-02","Sanders","oped","opinion",0.0,-0.42,0.13,-0.1,904
"2019-06-02","Warren","society","other",0.0,0.0,0.53,0.18,200
"2019-06-02","Sanders","politics","politics",0.0,0.0,0.6,0.2,718
"2019-06-03","Warren","business","business",0.0,0.27,-0.53,-0.08,997
"2019-06-03","Buttigieg","politics","politics",0.49,0.0,0.1,0.2,1109
"2019-06-03","Biden","politics","politics",0.0,0.53,-0.18,0.12,2937
"2019-06-05","Warren","politics","politics",-0.59,0.1,0.9,0.14,1025
"2019-06-04","Warren","politics","politics",0.27,0.0,0.57,0.28,1147
"2019-06-04","Biden","bookreview","other",0.0,0.0,0.76,0.25,373
"2019-06-05","Biden","climate","other",0.0,0.15,0.46,0.2,792
"2019-06-05","Biden","politics","politics",-0.05,-0.56,-0.92,-0.51,1318
"2019-06-05","Warren","oped","opinion",0.08,-0.25,0.96,0.26,995
"2019-06-03","Warren","business","business",0.0,0.27,-0.53,-0.08,997
"2019-06-03","Buttigieg","politics","politics",0.49,0.0,0.1,0.2,1109
"2019-06-03","Biden","politics","politics",0.0,0.53,-0.18,0.12,2937
"2019-06-05","Warren","politics","politics",-0.59,0.1,0.9,0.14,1025
"2019-06-05","Biden","climate","other",0.0,0.15,0.46,0.2,792
"2019-06-05","Biden","politics","politics",-0.05,-0.56,-0.92,-0.51,1318
"2019-06-06","Biden","politics","politics",0.0,0.08,0.18,0.09,1451
"2019-06-05","Warren","oped","opinion",0.08,-0.25,0.96,0.26,995
"2019-06-07","Biden","politics","politics",0.0,-0.05,0.44,0.13,479
"2019-06-06","Biden","politics","politics",0.0,0.4,0.46,0.29,1306
"2019-06-07","Biden","politics","politics",-0.44,0.32,-0.05,-0.06,743
"2019-06-07","Biden","politics","politics",0.0,0.0,0.0,0.0,1376
"2019-06-06","Buttigieg","oped","opinion",0.13,0.38,0.55,0.35,1208
"2019-06-07","Bloomberg","climate","other",0.65,0.78,0.78,0.74,949
"2019-06-07","Biden","politics","politics",0.0,-0.05,0.44,0.13,479
"2019-06-07","Biden","politics","politics",-0.44,0.32,-0.05,-0.06,743
"2019-06-07","Biden","politics","politics",0.0,0.0,0.0,0.0,1376
"2019-06-08","Biden","politics","politics",-0.08,0.51,0.4,0.28,1706
"2019-06-07","Bloomberg","climate","other",0.65,0.78,0.78,0.74,949
"2019-06-11","Buttigieg","politics","politics",0.0,-0.08,0.38,0.1,677
"2019-06-11","Biden","nytnow","other",0.0,0.0,0.0,0.0,1031
"2019-06-11","Biden","politics","politics",0.0,-0.68,0.3,-0.13,1672
"2019-06-10","Warren","politics","politics",0.0,0.55,0.2,0.25,2080
"2019-06-10","Biden","washington","politics",0.4,0.34,0.75,0.5,1323
"2019-06-11","Warren","nytnow","other",0.0,0.0,0.0,0.0,1400
"2019-06-11","Buttigieg","politics","politics",0.0,-0.08,0.38,0.1,677
"2019-06-11","Biden","nytnow","other",0.0,0.0,0.0,0.0,1031
"2019-06-12","Sanders","politics","politics",-0.46,0.0,0.13,-0.11,1363
"2019-06-11","Biden","politics","politics",0.0,-0.68,0.3,-0.13,1672
"2019-06-12","Biden","letters","other",0.0,-0.49,0.0,-0.16,210
"2019-06-12","Biden","culture","other",-0.13,-0.32,0.95,0.17,616
"2019-06-12","Biden","politics","politics",0.0,-0.75,0.44,-0.1,462
"2019-06-13","Sanders","washington","politics",0.0,0.0,0.0,0.0,1499
"2019-06-13","Biden","politics","politics",0.0,0.4,-0.28,0.04,493
"2019-06-11","Warren","nytnow","other",0.0,0.0,0.0,0.0,1400
"2019-06-13","Biden","politics","politics",0.0,0.4,-0.28,0.04,493
"2019-06-14","Sanders","business","business",0.51,0.42,0.32,0.42,769
"2019-06-13","Warren","oped","opinion",0.0,0.27,0.74,0.34,872
"2019-06-13","Biden","politics","politics",0.0,0.53,0.84,0.46,1404
"2019-06-13","Warren","oped","opinion",0.0,0.27,0.74,0.34,872
"2019-06-17","Biden","politics","politics",-0.36,0.51,0.46,0.2,1442
"2019-06-15","Sanders","politics","politics",0.0,0.0,0.0,0.0,800
"2019-06-17","Biden","business","business",0.42,0.4,0.44,0.42,2135
"2019-06-17","Sanders","oped","opinion",0.0,0.0,0.24,0.08,1288
"2019-06-17","Warren","magazine","other",-0.15,0.0,0.62,0.16,8179
"2019-06-18","Buttigieg","oped","opinion",0.0,0.0,0.78,0.26,987
"2019-06-18","Biden","politics","politics",0.0,0.0,0.0,0.0,344
"2019-06-18","Biden","politics","politics",-0.38,0.87,0.0,0.16,488
"2019-06-18","Biden","politics","politics",-0.38,0.87,0.0,0.16,488
"2019-06-18","Biden","politics","politics",0.0,0.0,0.0,0.0,344
"2019-06-19","Buttigieg","politics","politics",-0.77,-0.7,-0.85,-0.77,877
"2019-06-19","Biden","politics","politics",0.0,0.44,-0.23,0.07,1170
"2019-06-18","Sanders","oped","opinion",-0.37,0.32,0.0,-0.02,1437
"2019-06-19","Buttigieg","politics","politics",-0.77,-0.7,-0.85,-0.77,877
"2019-06-19","Biden","politics","politics",0.0,0.44,-0.23,0.07,1170
"2019-06-18","Sanders","oped","opinion",-0.37,0.32,0.0,-0.02,1437
"2019-06-18","Sanders","oped","opinion",-0.37,0.32,0.0,-0.02,1437
"2019-06-17","Sanders","oped","opinion",0.0,0.0,0.24,0.08,1288
"2019-06-18","Buttigieg","politics","politics",-0.66,-0.23,-0.67,-0.52,460
"2019-06-18","Buttigieg","politics","politics",0.0,-0.67,0.3,-0.12,812
"2019-06-17","Biden","business","business",0.42,0.4,0.44,0.42,2135
"2019-06-17","Warren","magazine","other",-0.15,0.0,0.62,0.16,8179
"2019-06-20","Biden","politics","politics",0.15,-0.2,0.13,0.03,1481
"2019-06-21","Buttigieg","politics","politics",-0.54,-0.25,0.18,-0.2,962
"2019-06-20","Biden","politics","politics",0.15,-0.2,0.13,0.03,1481
"2019-06-19","Buttigieg","politics","politics",-0.77,-0.7,-0.85,-0.77,877
"2019-06-19","Biden","politics","politics",0.0,0.44,-0.23,0.07,1170
"2019-06-19","Buttigieg","politics","politics",-0.77,-0.7,-0.85,-0.77,877
"2019-06-19","Biden","politics","politics",0.0,0.44,-0.23,0.07,1170
"2019-06-20","Biden","newsdesk","other",0.0,0.0,0.0,0.0,1096
"2019-06-20","Biden","politics","politics",-0.03,0.46,-0.6,-0.06,1398
"2019-06-20","Biden","politics","politics",-0.03,0.46,-0.6,-0.06,1398
"2019-06-21","Sanders","investigative","other",-0.36,0.7,0.0,0.11,2321
"2019-06-20","Biden","politics","politics",-0.44,0.44,-0.72,-0.24,1709
"2019-06-21","Sanders","investigative","other",-0.36,0.7,0.0,0.11,2321
"2019-06-21","Biden","politics","politics",0.0,0.0,0.0,0.0,1375
"2019-06-23","Buttigieg","politics","politics",-0.56,-0.7,0.65,-0.2,1775
"2019-06-22","Biden","oped","opinion",0.0,-0.18,0.86,0.23,920
"2019-06-21","Buttigieg","politics","politics",-0.54,-0.25,0.18,-0.2,962
"2019-06-21","Buttigieg","politics","politics",-0.54,-0.25,0.18,-0.2,962
"2019-06-22","Biden","oped","opinion",0.0,-0.18,0.86,0.23,920
"2019-06-22","Biden","oped","opinion",-0.44,-0.05,0.15,-0.11,852
"2019-06-22","Biden","oped","opinion",-0.44,-0.05,0.15,-0.11,852
"2019-06-22","Biden","oped","opinion",-0.44,-0.05,0.15,-0.11,852
"2019-06-22","Biden","politics","politics",-0.44,-0.48,-0.53,-0.48,891
"2019-06-21","Biden","politics","politics",0.0,0.0,0.0,0.0,1375
"2019-06-24","Sanders","washington","politics",-0.36,-0.54,0.57,-0.11,998
"2019-06-24","Sanders","washington","politics",-0.36,-0.54,0.57,-0.11,998
"2019-06-25","Buttigieg","upshot","opinion",0.0,0.0,0.13,0.04,648
"2019-06-24","Warren","national","politics",-0.38,0.0,0.48,0.03,2984
"2019-06-24","Warren","oped","opinion",-0.48,0.77,-0.76,-0.16,1124
"2019-06-24","Warren","national","politics",-0.38,0.0,0.48,0.03,2984
"2019-06-25","Warren","politics","politics",0.0,0.0,0.76,0.25,757
"2019-06-25","Biden","investigative","other",0.0,-0.36,-0.65,-0.34,4116
"2019-06-25","Biden","investigative","other",0.0,-0.36,-0.65,-0.34,4116
"2019-06-25","Sanders","washington","politics",0.23,0.0,0.54,0.26,1235
"2019-06-25","Sanders","styles","other",0.0,0.32,0.6,0.31,728
"2019-06-25","Buttigieg","upshot","opinion",0.0,0.0,0.13,0.04,648
"2019-06-26","Warren","oped","opinion",-0.48,0.59,-0.38,-0.09,887
"2019-06-26","Warren","oped","opinion",-0.48,0.59,-0.38,-0.09,887
"2019-06-27","Warren","politics","politics",0.0,0.15,0.51,0.22,243
"2019-06-27","Warren","politics","politics",0.0,0.15,0.51,0.22,243
"2019-06-26","Biden","magazine","other",-0.6,0.36,0.4,0.05,1163
"2019-06-25","Warren","politics","politics",0.0,0.0,0.76,0.25,757
"2019-06-27","Buttigieg","politics","politics",0.0,-0.34,0.0,-0.11,246
"2019-06-27","Buttigieg","politics","politics",0.0,-0.34,0.0,-0.11,246
"2019-06-25","Sanders","washington","politics",0.23,0.0,0.54,0.26,1235
"2019-06-28","Biden","politics","politics",-0.54,-0.53,-0.61,-0.56,388
"2019-06-28","Biden","politics","politics",0.0,-0.36,-0.36,-0.24,836
"2019-06-28","Buttigieg","politics","politics",0.0,0.0,-0.9,-0.3,275
"2019-06-28","Biden","politics","politics",-0.54,-0.53,-0.61,-0.56,388
"2019-06-28","Biden","politics","politics",0.0,0.59,0.85,0.48,1292
"2019-06-28","Biden","politics","politics",0.0,0.59,0.85,0.48,1292
"2019-06-27","Warren","politics","politics",0.0,0.15,0.51,0.22,243
"2019-06-29","Biden","investigative","other",0.0,-0.81,0.82,0.0,2327
"2019-06-27","Warren","oped","opinion",0.0,0.8,0.4,0.4,1225
"2019-06-28","Biden","culture","other",0.0,-0.15,0.95,0.27,412
"2019-06-29","Biden","summary","other",0.0,0.0,0.36,0.12,59
"2019-06-27","Buttigieg","politics","politics",0.0,-0.34,0.0,-0.11,246
"2019-06-28","Biden","politics","politics",-0.48,-0.59,0.1,-0.32,2028
"2019-06-28","Biden","politics","politics",0.0,0.0,-0.22,-0.07,1424
"2019-06-27","Buttigieg","politics","politics",0.0,-0.34,0.0,-0.11,246
"2019-06-28","Biden","politics","politics",0.0,0.0,-0.4,-0.13,1375
"2019-06-28","Biden","politics","politics",-0.48,-0.59,0.1,-0.32,2028
"2019-06-28","Biden","politics","politics",0.0,0.0,-0.22,-0.07,1424
"2019-06-28","Buttigieg","oped","opinion",0.25,0.0,0.0,0.08,1318
"2019-06-29","Biden","investigative","other",0.0,-0.81,0.82,0.0,2327
"2019-06-29","Biden","investigative","other",0.0,-0.81,0.82,0.0,2327
"2019-06-29","Biden","summary","other",0.0,0.0,0.36,0.12,59
"2019-07-02","Biden","oped","opinion",0.0,-0.06,0.23,0.06,1748
"2019-07-02","Buttigieg","politics","politics",-0.36,-0.4,-0.51,-0.42,879
"2019-07-02","Buttigieg","politics","politics",-0.36,-0.4,-0.51,-0.42,879
"2019-07-02","Biden","oped","opinion",0.0,-0.06,0.23,0.06,1748
"2019-07-02","Warren","science","other",0.0,0.0,-0.05,-0.02,756
"2019-07-02","Buttigieg","politics","politics",-0.36,-0.4,-0.51,-0.42,879
"2019-07-02","Buttigieg","politics","politics",0.0,0.0,0.44,0.15,455
"2019-07-02","Buttigieg","politics","politics",0.0,0.0,0.44,0.15,455
"2019-07-03","Buttigieg","politics","politics",0.0,0.48,0.36,0.28,548
"2019-07-03","Biden","podcasts","other",0.0,0.3,0.0,0.1,277
"2019-07-03","Buttigieg","politics","politics",0.0,0.48,0.36,0.28,548
"2019-07-03","Biden","podcasts","other",0.0,0.3,0.0,0.1,277
"2019-07-01","Biden","oped","opinion",-0.23,0.54,0.0,0.11,718
"2019-07-03","Biden","politics","politics",0.0,0.0,0.0,0.0,863
"2019-07-03","Biden","politics","politics",0.0,0.0,0.0,0.0,863
"2019-07-03","Biden","oped","opinion",-0.64,0.0,0.0,-0.21,842
"2019-07-03","Buttigieg","politics","politics",0.0,0.48,0.36,0.28,548
"2019-07-03","Biden","podcasts","other",0.0,0.3,0.0,0.1,277
"2019-07-04","Biden","politics","politics",-0.38,0.0,-0.53,-0.3,1536
"2019-07-04","Biden","politics","politics",-0.38,0.0,-0.53,-0.3,1536
"2019-07-07","Warren","politics","politics",0.15,0.38,0.44,0.33,1736
"2019-07-06","Buttigieg","politics","politics",0.0,0.0,0.0,0.0,1126
"2019-07-06","Buttigieg","politics","politics",0.0,0.0,0.0,0.0,1126
"2019-07-07","Biden","oped","opinion",0.0,0.32,-0.35,-0.01,889
"2019-07-07","Biden","oped","opinion",0.0,0.32,-0.35,-0.01,889
"2019-07-06","Biden","politics","politics",0.03,0.32,0.36,0.23,1162
"2019-07-06","Warren","politics","politics",0.0,0.71,0.0,0.24,1047
"2019-07-06","Sanders","investigative","other",0.0,-0.21,0.6,0.13,1777
"2019-07-09","Biden","oped","opinion",0.0,0.44,0.0,0.15,893
"2019-07-09","Biden","politics","politics",0.0,0.0,0.52,0.17,1228
"2019-07-09","Biden","politics","politics",0.0,0.0,0.52,0.17,1228
"2019-07-07","Biden","oped","opinion",0.0,0.32,-0.35,-0.01,889
"2019-07-09","Biden","oped","opinion",0.0,0.44,0.0,0.15,893
"2019-07-11","Biden","politics","politics",0.0,0.0,0.0,0.0,1130
"2019-07-09","Biden","politics","politics",0.0,0.0,0.52,0.17,1228
"2019-07-09","Biden","politics","politics",0.0,0.0,0.52,0.17,1228
"2019-07-11","Warren","politics","politics",-0.56,0.0,-0.3,-0.28,1003
"2019-07-11","Biden","politics","politics",0.0,0.0,0.0,0.0,1130
"2019-07-13","Sanders","oped","opinion",0.0,0.0,0.51,0.17,895
"2019-07-12","Sanders","politics","politics",0.0,-0.15,-0.77,-0.31,1806
"2019-07-12","Sanders","politics","politics",0.0,-0.15,-0.77,-0.31,1806
"2019-07-12","Sanders","politics","politics",0.0,-0.15,-0.77,-0.31,1806
"2019-07-13","Sanders","oped","opinion",0.0,0.0,0.51,0.17,895
"2019-07-14","Biden","politics","politics",0.0,-0.44,-0.4,-0.28,1522
"2019-07-13","Sanders","oped","opinion",0.0,0.0,0.51,0.17,895
"2019-07-15","Biden","politics","politics",0.49,0.62,0.08,0.4,1154
"2019-07-15","Biden","express","other",0.0,0.2,-0.08,0.04,813
"2019-07-15","Biden","politics","politics",0.49,0.62,0.08,0.4,1154
"2019-07-14","Buttigieg","politics","politics",0.0,0.0,0.61,0.2,2691
"2019-07-14","Buttigieg","politics","politics",0.0,0.0,0.61,0.2,2691
"2019-07-15","Biden","politics","politics",0.0,-0.23,-0.13,-0.12,3718
"2019-07-17","Sanders","politics","politics",0.13,0.57,0.51,0.4,942
"2019-07-17","Sanders","politics","politics",0.13,0.57,0.51,0.4,942
"2019-07-16","Buttigieg","politics","politics",-0.32,0.68,0.49,0.29,1566
"2019-07-15","Biden","politics","politics",0.49,0.62,0.08,0.4,1154
"2019-07-15","Biden","politics","politics",0.0,-0.23,-0.13,-0.12,3718
"2019-07-17","Sanders","politics","politics",0.13,0.57,0.51,0.4,942
"2019-07-18","Buttigieg","magazine","other",0.0,0.0,0.3,0.1,3606
"2019-07-19","Biden","politics","politics",0.0,0.0,0.44,0.15,530
"2019-07-19","Biden","politics","politics",0.0,0.0,0.44,0.15,530
"2019-07-19","Biden","politics","politics",0.0,0.0,0.44,0.15,530
"2019-07-19","Biden","politics","politics",0.0,0.0,0.44,0.15,530
"2019-07-23","Biden","politics","politics",-0.54,-0.48,0.27,-0.25,1309
"2019-07-23","Biden","politics","politics",-0.54,-0.48,0.27,-0.25,1309
"2019-07-22","Biden","national","politics",0.0,0.0,0.44,0.15,1295
"2019-07-23","Biden","politics","politics",-0.54,-0.48,0.27,-0.25,1309
"2019-07-23","Biden","politics","politics",-0.54,-0.48,0.27,-0.25,1309
"2019-07-23","Biden","politics","politics",0.0,0.19,0.0,0.06,1454
"2019-07-25","Warren","culture","other",-0.23,-0.44,-0.2,-0.29,1264
"2019-07-26","Warren","summary","other",-0.23,0.0,0.0,-0.08,56
"2019-07-26","Warren","politics","politics",0.0,0.0,0.2,0.07,530
"2019-07-26","Warren","politics","politics",0.0,0.0,0.2,0.07,530
"2019-07-25","Warren","culture","other",-0.23,-0.44,-0.2,-0.29,1264
"2019-07-28","Sanders","politics","politics",0.0,-0.4,-0.57,-0.32,1131
"2019-07-28","Sanders","politics","politics",0.0,-0.4,-0.57,-0.32,1131
"2019-07-29","Biden","politics","politics",-0.42,-0.05,0.48,0.0,1750
"2019-07-27","Biden","politics","politics",-0.38,0.0,0.0,-0.13,1291
"2019-07-31","Sanders","politics","politics",-0.64,0.38,0.27,0.01,1130
"2019-07-31","Biden","oped","opinion",0.57,-0.38,0.96,0.38,869
"2019-07-31","Warren","politics","politics",0.2,-0.42,-0.62,-0.28,284
"2019-07-31","Warren","politics","politics",0.49,0.72,0.5,0.57,266
"2019-07-31","Warren","politics","politics",0.2,-0.42,-0.62,-0.28,284
"2019-07-31","Warren","politics","politics",-0.38,-0.62,-0.62,-0.54,556
"2019-07-29","Biden","politics","politics",-0.42,-0.05,0.48,0.0,1750
"2019-07-31","Biden","politics","politics",0.44,0.0,-0.4,0.01,1216
"2019-07-31","Buttigieg","politics","politics",-0.76,-0.8,-0.8,-0.78,337
"2019-07-31","Biden","politics","politics",0.0,-0.46,-0.56,-0.34,562
"2019-07-31","Sanders","politics","politics",-0.64,0.38,0.27,0.01,1130
"2019-07-31","Biden","oped","opinion",0.57,-0.38,0.96,0.38,869
"2019-08-01","Biden","politics","politics",0.0,0.69,0.49,0.39,576
"2019-08-01","Biden","politics","politics",-0.67,0.34,-0.54,-0.29,1864
"2019-08-01","Biden","politics","politics",0.2,0.0,-0.53,-0.11,1719
"2019-08-01","Biden","politics","politics",0.08,0.0,-0.25,-0.06,564
"2019-07-31","Warren","politics","politics",0.49,0.72,0.5,0.57,266
"2019-07-31","Warren","politics","politics",0.2,-0.42,-0.62,-0.28,284
"2019-07-31","Sanders","politics","politics",-0.38,0.51,0.71,0.28,636
"2019-07-31","Sanders","politics","politics",-0.38,0.51,0.71,0.28,636
"2019-07-31","Biden","politics","politics",0.44,0.0,-0.4,0.01,1216
"2019-08-01","Biden","politics","politics",0.44,0.0,0.0,0.15,243
"2019-08-01","Biden","politics","politics",0.18,0.89,0.81,0.63,742
"2019-07-31","Buttigieg","politics","politics",-0.76,-0.8,-0.8,-0.78,337
"2019-07-31","Biden","politics","politics",0.0,-0.46,-0.56,-0.34,562
"2019-08-01","Biden","politics","politics",-0.18,0.15,-0.36,-0.13,967
"2019-08-01","Biden","politics","politics",0.0,0.69,0.49,0.39,576
"2019-08-01","Biden","politics","politics",0.08,0.0,-0.25,-0.06,564
"2019-08-01","Biden","politics","politics",-0.67,0.34,-0.54,-0.29,1909
"2019-08-01","Biden","politics","politics",0.2,0.0,-0.53,-0.11,1717
"2019-08-01","Biden","politics","politics",-0.67,0.34,-0.54,-0.29,1909
"2019-08-01","Biden","letters","other",0.0,0.0,0.0,0.0,817
"2019-08-02","Buttigieg","letters","other",0.36,0.0,0.0,0.12,515
"2019-08-01","Biden","oped","opinion",0.0,0.13,0.82,0.32,1084
"2019-08-01","Biden","oped","opinion",0.0,0.13,0.82,0.32,1084
"2019-08-01","Biden","politics","politics",0.18,0.89,0.81,0.63,816
"2019-08-01","Biden","politics","politics",0.44,0.0,0.0,0.15,243
"2019-08-01","Biden","politics","politics",0.44,0.0,0.0,0.15,243
"2019-08-01","Biden","politics","politics",0.18,0.89,0.81,0.63,816
"2019-08-02","Biden","nytnow","other",0.0,0.0,0.0,0.0,1373
"2019-08-01","Biden","oped","opinion",-0.51,0.0,0.0,-0.17,1207
"2019-08-07","Biden","politics","politics",-0.47,-0.76,-0.84,-0.69,1822
"2019-08-07","Biden","politics","politics",-0.47,-0.76,-0.84,-0.69,1822
"2019-08-08","Warren","politics","politics",0.13,-0.76,0.72,0.03,692
"2019-08-08","Warren","politics","politics",0.13,-0.76,0.72,0.03,692
"2019-08-09","Biden","politics","politics",0.0,0.76,0.8,0.52,1693
"2019-08-09","Biden","politics","politics",0.44,0.0,0.76,0.4,613
"2019-08-09","Biden","politics","politics",0.0,0.76,0.8,0.52,1693
"2019-08-09","Biden","politics","politics",0.44,0.0,0.76,0.4,613
"2019-08-11","Biden","oped","opinion",-0.77,-0.56,-0.03,-0.45,919
"2019-08-09","Biden","politics","politics",0.0,0.76,0.8,0.52,1693
"2019-08-09","Biden","politics","politics",0.44,0.0,0.76,0.4,613
"2019-08-12","Biden","politics","politics",-0.48,-0.15,0.84,0.07,1506
"2019-08-11","Biden","oped","opinion",-0.77,-0.56,-0.03,-0.45,919
"2019-08-15","Warren","politics","politics",0.32,-0.64,0.51,0.06,1929
"2019-08-16","Warren","politics","politics",0.0,0.4,0.65,0.35,640
"2019-08-16","Warren","politics","politics",0.0,0.4,0.65,0.35,640
"2019-08-16","Biden","investigative","other",0.0,0.03,0.0,0.01,3271
"2019-08-16","Sanders","insider","other",0.3,0.67,0.0,0.32,953
"2019-08-15","Warren","politics","politics",0.32,-0.64,0.51,0.06,1929
"2019-08-15","Warren","politics","politics",0.32,-0.64,0.51,0.06,1929
"2019-08-18","Warren","business","business",0.0,-0.3,0.0,-0.1,770
"2019-08-19","Warren","politics","politics",0.36,0.57,0.05,0.33,1387
"2019-08-19","Warren","politics","politics",0.36,0.57,0.05,0.33,1387
"2019-08-21","Warren","business","business",0.25,0.0,0.25,0.17,410
"2019-08-21","Sanders","politics","politics",0.0,0.0,0.8,0.27,1187
"2019-08-20","Biden","politics","politics",-0.36,0.4,-0.12,-0.02,609
"2019-08-20","Biden","politics","politics",-0.36,0.4,-0.12,-0.02,609
"2019-08-21","Warren","business","business",0.25,0.0,0.25,0.17,410
"2019-08-21","Sanders","politics","politics",0.0,0.0,0.8,0.27,1187
"2019-08-22","Warren","letters","other",0.59,-0.75,0.0,-0.05,836
"2019-08-23","Biden","politics","politics",-0.6,-0.05,0.3,-0.12,780
"2019-08-25","Warren","politics","politics",0.0,-0.2,0.72,0.17,2811
"2019-08-26","Sanders","politics","politics",0.0,0.88,0.76,0.55,487
"2019-08-26","Warren","politics","politics",0.18,0.0,0.46,0.21,999
"2019-08-26","Warren","politics","politics",0.0,0.78,0.49,0.42,1550
"2019-08-28","Biden","politics","politics",0.2,0.0,0.27,0.16,742
"2019-08-29","Biden","politics","politics",0.48,0.36,0.9,0.58,1286
"2019-08-29","Biden","politics","politics",0.48,0.36,0.9,0.58,1286
"2019-08-30","Biden","politics","politics",-0.6,0.0,-0.6,-0.4,835
"2019-08-30","Biden","politics","politics",-0.6,0.0,-0.6,-0.4,835
"2019-08-30","Buttigieg","politics","politics",-0.62,0.0,-0.34,-0.32,2663
"2019-09-03","Warren","politics","politics",0.0,0.34,0.32,0.22,1081
"2019-09-02","Biden","politics","politics",0.08,0.82,-0.71,0.06,1878
"2019-09-02","Warren","oped","opinion",0.27,0.0,0.58,0.29,873
"2019-09-02","Warren","oped","opinion",0.27,0.0,0.58,0.29,873
"2019-09-03","Warren","politics","politics",0.0,0.34,0.32,0.22,1081
"2019-09-03","Warren","politics","politics",0.0,0.34,0.32,0.22,1081
"2019-09-04","Biden","politics","politics",0.51,0.36,0.49,0.46,731
"2019-09-05","Sanders","politics","politics",-0.25,0.15,0.0,-0.03,424
"2019-09-05","Biden","politics","politics",0.0,-0.25,-0.2,-0.15,676
"2019-09-05","Warren","politics","politics",-0.38,0.15,-0.27,-0.17,314
"2019-09-05","Biden","politics","politics",0.03,0.15,0.65,0.28,540
"2019-09-05","Buttigieg","politics","politics",0.0,0.15,0.38,0.18,492
"2019-09-05","Sanders","books","other",0.49,0.0,0.0,0.16,391
"2019-09-05","Sanders","books","other",0.49,0.0,0.0,0.16,391
"2019-09-07","Biden","politics","politics",0.39,0.53,-0.55,0.12,2759
"2019-09-05","Sanders","politics","politics",-0.25,0.15,0.0,-0.03,424
"2019-09-05","Biden","politics","politics",0.0,-0.25,-0.2,-0.15,676
"2019-09-05","Warren","politics","politics",-0.38,0.15,-0.27,-0.17,314
"2019-09-05","Sanders","politics","politics",-0.25,0.15,0.0,-0.03,424
"2019-09-06","Biden","politics","politics",-0.23,0.0,-0.59,-0.27,746
"2019-09-06","Biden","politics","politics",-0.23,0.0,-0.59,-0.27,746
"2019-09-05","Sanders","books","other",0.49,0.0,0.0,0.16,391
"2019-09-09","Sanders","politics","politics",0.25,0.49,0.71,0.48,1954
"2019-09-09","Sanders","politics","politics",0.25,0.49,0.71,0.48,1954
"2019-09-07","Biden","politics","politics",0.39,0.53,-0.55,0.12,2759
"2019-09-07","Biden","politics","politics",0.39,0.53,-0.55,0.12,2759
"2019-09-10","Bloomberg","metro","other",-0.05,-0.05,-0.6,-0.23,1031
"2019-09-10","Warren","styles","other",0.0,0.0,0.0,0.0,770
"2019-09-09","Warren","politics","politics",0.0,0.36,0.0,0.12,1857
"2019-09-09","Warren","politics","politics",0.0,0.36,0.0,0.12,1857
"2019-09-10","Warren","oped","opinion",0.0,0.2,0.81,0.34,1203
"2019-09-10","Sanders","politics","politics",0.0,0.71,0.44,0.38,429
"2019-09-10","Sanders","politics","politics",0.0,0.71,0.44,0.38,429
"2019-09-10","Bloomberg","bookreview","other",0.64,0.15,0.0,0.26,1326
"2019-09-11","Sanders","magazine","other",0.61,-0.05,0.66,0.41,1081
"2019-09-11","Sanders","magazine","other",0.61,-0.05,0.66,0.41,1081
"2019-09-13","Biden","politics","politics",0.0,0.67,-0.18,0.16,675
"2019-09-13","Biden","politics","politics",0.0,0.67,-0.18,0.16,675
"2019-09-12","Warren","politics","politics",0.61,0.94,0.92,0.83,1016
"2019-09-12","Warren","oped","opinion",0.62,-0.49,0.0,0.04,696
"2019-09-13","Biden","oped","opinion",0.0,0.0,-0.9,-0.3,943
"2019-09-13","Buttigieg","politics","politics",-0.32,0.0,0.0,-0.11,255
"2019-09-13","Biden","politics","politics",0.0,-0.54,0.25,-0.1,762
"2019-09-11","Sanders","magazine","other",0.61,-0.05,0.66,0.41,1081
"2019-09-13","Biden","politics","politics",-0.13,0.59,0.83,0.43,1734
"2019-09-13","Biden","politics","politics",-0.13,0.59,0.83,0.43,1734
"2019-09-11","Sanders","magazine","other",0.61,-0.05,0.66,0.41,1081
"2019-09-13","Biden","politics","politics",0.0,-0.54,0.25,-0.1,762
"2019-09-15","Biden","politics","politics",0.0,0.68,-0.75,-0.02,1490
"2019-09-13","Biden","oped","opinion",0.0,0.0,-0.9,-0.3,943
"2019-09-14","Sanders","politics","politics",0.0,0.49,-0.1,0.13,733
"2019-09-14","Sanders","politics","politics",0.0,0.49,-0.1,0.13,733
"2019-09-13","Buttigieg","politics","politics",-0.32,0.0,0.0,-0.11,255
"2019-09-13","Buttigieg","politics","politics",-0.32,0.0,0.0,-0.11,255
"2019-09-13","Biden","politics","politics",0.0,-0.54,0.25,-0.1,762
"2019-09-13","Biden","politics","politics",-0.13,0.59,0.83,0.43,1734
"2019-09-15","Biden","politics","politics",0.0,0.68,-0.75,-0.02,1490
"2019-09-16","Warren","politics","politics",0.38,0.0,-0.67,-0.1,1271
"2019-09-16","Warren","politics","politics",0.38,0.0,-0.67,-0.1,1271
"2019-09-17","Buttigieg","oped","opinion",0.0,0.4,0.0,0.13,1367
"2019-09-15","Sanders","politics","politics",0.0,0.57,0.57,0.38,707
"2019-09-17","Warren","politics","politics",0.23,0.36,-0.32,0.09,1265
"2019-09-17","Warren","politics","politics",0.23,0.36,-0.32,0.09,1265
"2019-09-15","Sanders","politics","politics",0.0,0.57,0.57,0.38,707
"2019-09-16","Biden","oped","opinion",-0.44,0.51,0.42,0.16,896
"2019-09-19","Sanders","upshot","opinion",0.53,0.65,0.0,0.39,900
"2019-09-19","Biden","letters","other",0.0,0.0,0.0,0.0,321
"2019-09-19","Biden","letters","other",0.0,0.0,0.0,0.0,321
"2019-09-18","Warren","oped","opinion",-0.49,0.65,0.03,0.06,1342
"2019-09-17","Buttigieg","oped","opinion",0.0,0.4,0.0,0.13,1367
"2019-09-18","Biden","politics","politics",0.44,0.61,0.15,0.4,1860
"2019-09-19","Biden","oped","opinion",0.0,-0.49,0.0,-0.16,870
"2019-09-19","Warren","oped","opinion",-0.4,0.0,0.0,-0.13,667
"2019-09-19","Sanders","upshot","opinion",0.53,0.65,0.0,0.39,900
"2019-09-21","Sanders","politics","politics",-0.36,-0.48,0.36,-0.16,1077
"2019-09-21","Sanders","politics","politics",-0.36,-0.48,0.36,-0.16,1077
"2019-09-20","Warren","podcasts","other",0.0,0.32,0.0,0.11,275
"2019-09-19","Sanders","upshot","opinion",0.53,0.65,0.0,0.39,900
"2019-09-21","Sanders","politics","politics",-0.36,-0.48,0.36,-0.16,1077
"2019-09-20","Warren","podcasts","other",0.0,0.32,0.0,0.11,275
"2019-09-20","Sanders","politics","politics",0.0,0.69,0.0,0.23,1386
"2019-09-20","Sanders","politics","politics",0.0,0.69,0.0,0.23,1386
"2019-09-20","Biden","politics","politics",-0.34,0.0,0.0,-0.11,924
"2019-09-19","Warren","oped","opinion",0.0,0.0,-0.03,-0.01,859
"2019-09-19","Warren","oped","opinion",0.0,0.0,-0.03,-0.01,859
"2019-09-19","Warren","oped","opinion",0.0,0.0,-0.03,-0.01,859
"2019-09-19","Biden","summary","other",0.42,0.0,0.25,0.22,68
"2019-09-19","Warren","oped","opinion",-0.4,0.0,0.0,-0.13,667
"2019-09-20","Biden","washington","politics",0.0,-0.42,0.0,-0.14,1422
"2019-09-20","Biden","politics","politics",0.0,0.2,-0.8,-0.2,1461
"2019-09-23","Biden","washington","politics",-0.32,0.13,0.0,-0.06,948
"2019-09-21","Warren","politics","politics",0.0,0.0,-0.3,-0.1,1064
"2019-09-23","Biden","letters","other",0.0,0.0,0.0,0.0,637
"2019-09-21","Biden","oped","opinion",0.0,-0.25,0.68,0.14,901
"2019-09-22","Biden","washington","politics",0.0,0.0,-0.23,-0.08,1702
"2019-09-23","Biden","podcasts","other",0.0,-0.48,0.0,-0.16,282
"2019-09-21","Biden","washington","politics",-0.3,-0.23,-0.23,-0.25,705
"2019-09-21","Warren","politics","politics",0.5,-0.38,0.01,0.04,3182
"2019-09-21","Biden","washington","politics",-0.3,-0.23,-0.23,-0.25,705
"2019-09-23","Biden","washington","politics",-0.32,0.13,0.0,-0.06,948
"2019-09-23","Biden","podcasts","other",0.0,-0.48,0.0,-0.16,282
"2019-09-25","Biden","politics","politics",0.0,-0.46,0.0,-0.15,1344
"2019-09-27","Biden","politics","politics",-0.44,-0.32,-0.48,-0.41,1501
"2019-09-26","Biden","politics","politics",0.44,0.76,0.86,0.68,1232
"2019-09-26","Biden","politics","politics",0.44,0.76,0.86,0.68,1232
"2019-09-26","Biden","politics","politics",0.44,0.76,0.86,0.68,1232
"2019-09-25","Biden","politics","politics",0.0,-0.46,0.0,-0.15,1344
"2019-09-27","Warren","sundaybusiness","business",0.44,0.49,0.38,0.44,988
"2019-09-27","Biden","politics","politics",-0.44,-0.32,-0.48,-0.41,1501
"2019-09-27","Biden","politics","politics",-0.44,-0.32,-0.48,-0.41,1501
"2019-09-29","Biden","politics","politics",-0.3,0.0,-0.23,-0.17,643
"2019-09-27","Warren","sundaybusiness","business",0.44,0.49,0.38,0.44,988
"2019-09-30","Biden","politics","politics",-0.34,0.0,-0.46,-0.27,1551
"2019-10-01","Biden","oped","opinion",-0.42,-0.32,-0.08,-0.27,989
"2019-09-29","Biden","politics","politics",-0.3,0.0,-0.23,-0.17,643
"2019-09-30","Warren","oped","opinion",-0.2,-0.57,0.34,-0.14,894
"2019-09-30","Sanders","politics","politics",-0.1,0.0,-0.2,-0.1,560
"2019-10-03","Buttigieg","politics","politics",0.0,0.42,0.36,0.26,1650
"2019-10-01","Biden","oped","opinion",-0.42,-0.32,-0.08,-0.27,989
"2019-10-03","Biden","washington","politics",0.0,0.0,0.66,0.22,1583
"2019-10-02","Warren","national","politics",-0.44,-0.3,0.44,-0.1,1096
"2019-10-01","Sanders","politics","politics",0.0,0.49,0.49,0.33,554
"2019-10-01","Warren","upshot","opinion",-0.15,0.57,0.76,0.39,1396
"2019-10-01","Sanders","politics","politics",0.0,0.49,0.49,0.33,554
"2019-10-02","Warren","business","business",0.0,-0.32,0.44,0.04,2067
"2019-10-03","Biden","washington","politics",0.0,0.87,0.0,0.29,1357
"2019-10-03","Sanders","politics","politics",0.0,0.44,0.4,0.28,973
"2019-10-03","Biden","washington","politics",0.0,0.87,0.0,0.29,1357
"2019-10-03","Biden","washington","politics",0.3,0.27,0.44,0.34,1829
"2019-10-03","Buttigieg","politics","politics",0.0,0.42,0.36,0.26,1650
"2019-10-03","Biden","washington","politics",0.0,0.0,0.66,0.22,1583
"2019-10-05","Sanders","politics","politics",-0.48,0.0,0.0,-0.16,1068
"2019-10-05","Sanders","politics","politics",-0.48,0.0,0.0,-0.16,1068
"2019-10-05","Biden","politics","politics",-0.27,-0.49,-0.62,-0.46,2164
"2019-10-05","Biden","politics","politics",-0.27,-0.49,-0.62,-0.46,2164
"2019-10-04","Sanders","politics","politics",0.0,-0.74,-0.38,-0.37,1118
"2019-10-04","Biden","foreign","other",0.0,0.0,0.18,0.06,1007
"2019-10-03","Biden","politics","politics",0.43,0.0,-0.56,-0.04,804
"2019-10-04","Biden","business","business",0.0,0.62,0.0,0.21,1424
"2019-10-03","Sanders","politics","politics",0.0,0.44,0.4,0.28,973
"2019-10-03","Biden","washington","politics",0.3,0.27,0.44,0.34,1829
"2019-10-05","Sanders","politics","politics",-0.48,0.0,0.0,-0.16,1068
"2019-10-05","Sanders","politics","politics",-0.48,0.0,0.0,-0.16,1068
"2019-10-07","Sanders","letters","other",-0.48,-0.38,0.0,-0.29,341
"2019-10-07","Sanders","politics","politics",-0.48,0.0,-0.74,-0.41,1081
"2019-10-07","Sanders","politics","politics",-0.48,0.0,-0.74,-0.41,1081
"2019-10-08","Buttigieg","oped","opinion",-0.57,0.63,0.54,0.2,1005
"2019-10-09","Biden","oped","opinion",-0.3,-0.3,0.7,0.04,1267
"2019-10-07","Sanders","letters","other",-0.48,-0.38,0.0,-0.29,341
"2019-10-07","Sanders","letters","other",-0.48,-0.38,0.0,-0.29,341
"2019-10-09","Biden","politics","politics",0.0,0.38,-0.27,0.04,1558
"2019-10-09","Biden","climate","other",0.08,-0.7,0.6,-0.01,1297
"2019-10-08","Biden","culture","other",-0.34,0.59,0.95,0.4,684
"2019-10-08","Biden","culture","other",-0.34,0.59,0.95,0.4,684
"2019-10-09","Warren","politics","politics",0.0,0.64,0.51,0.38,1089
"2019-10-08","Warren","politics","politics",-0.38,0.56,0.46,0.21,1152
"2019-10-09","Warren","politics","politics",0.0,0.64,0.51,0.38,1089
"2019-10-11","Warren","politics","politics",0.0,0.38,0.0,0.13,344
"2019-10-09","Biden","oped","opinion",-0.3,-0.3,0.7,0.04,1267
"2019-10-10","Biden","politics","politics",0.0,-0.15,0.0,-0.05,1072
"2019-10-09","Biden","politics","politics",0.0,0.42,-0.62,-0.07,934
"2019-10-10","Warren","politics","politics",0.0,-0.13,0.0,-0.04,1466
"2019-10-09","Biden","politics","politics",0.0,0.42,-0.62,-0.07,934
"2019-10-10","Sanders","politics","politics",-0.48,0.0,-0.49,-0.32,421
"2019-10-10","Warren","politics","politics",0.0,-0.13,0.0,-0.04,1466
"2019-10-10","Biden","politics","politics",0.0,-0.15,0.0,-0.05,1072
"2019-10-11","Sanders","business","business",0.3,0.48,0.44,0.4,1372
"2019-10-11","Sanders","business","business",0.3,0.48,0.44,0.4,1372
"2019-10-09","Biden","climate","other",0.08,-0.7,0.6,-0.01,1297
"2019-10-09","Biden","politics","politics",0.0,0.38,-0.27,0.04,1558
"2019-10-10","Sanders","politics","politics",0.0,0.44,-0.32,0.04,1359
"2019-10-10","Warren","oped","opinion",0.0,0.0,-0.44,-0.15,1131
"2019-10-10","Warren","oped","opinion",0.0,0.0,-0.44,-0.15,1131
"2019-10-11","Biden","washington","politics",-0.75,-0.18,-0.88,-0.6,1120
"2019-10-12","Warren","business","business",0.0,-0.57,0.2,-0.12,893
"2019-10-12","Biden","politics","politics",0.0,0.0,0.0,0.0,1117
"2019-10-13","Biden","express","other",-0.36,0.0,-0.46,-0.27,1482
"2019-10-13","Biden","express","other",-0.36,0.0,-0.46,-0.27,1482
"2019-10-14","Biden","politics","politics",0.0,0.0,-0.3,-0.1,1290
"2019-10-14","Biden","politics","politics",0.0,0.0,-0.3,-0.1,1290
"2019-10-14","Sanders","politics","politics",0.0,0.27,0.82,0.37,1085
"2019-10-15","Biden","bookreview","other",0.0,0.0,0.0,0.0,1187
"2019-10-15","Biden","politics","politics",-0.48,-0.15,-0.23,-0.29,1239
"2019-10-14","Warren","politics","politics",-0.3,0.4,0.85,0.32,1490
"2019-10-15","Biden","politics","politics",-0.48,-0.15,-0.23,-0.29,1239
"2019-10-14","Warren","politics","politics",-0.3,0.4,0.85,0.32,1490
"2019-10-14","Warren","politics","politics",-0.3,0.4,0.85,0.32,1490
"2019-10-15","Biden","bookreview","other",0.0,0.0,0.0,0.0,1187
"2019-10-17","Warren","oped","opinion",0.0,0.62,0.44,0.36,922
"2019-10-15","Biden","nytnow","other",0.0,0.0,0.0,0.0,1511
"2019-10-15","Warren","oped","opinion",0.0,0.0,-0.69,-0.23,1839
"2019-10-16","Biden","politics","politics",0.0,0.48,-0.22,0.09,1198
"2019-10-15","Biden","nytnow","other",0.0,0.0,0.0,0.0,1511
"2019-10-15","Warren","oped","opinion",0.0,0.0,-0.69,-0.23,1839
"2019-10-16","Biden","politics","politics",0.0,0.48,-0.22,0.09,1198
"2019-10-16","Warren","oped","opinion",0.03,-0.3,0.44,0.06,1371
"2019-10-16","Warren","politics","politics",0.49,0.83,0.61,0.64,407
"2019-10-16","Buttigieg","politics","politics",-0.85,0.34,-0.93,-0.48,352
"2019-10-16","Biden","politics","politics",0.0,0.34,0.0,0.11,695
"2019-10-16","Buttigieg","politics","politics",-0.85,0.34,-0.93,-0.48,352
"2019-10-16","Warren","politics","politics",0.49,0.83,0.61,0.64,407
"2019-10-16","Warren","politics","politics",0.0,0.34,-0.32,0.01,692
"2019-10-15","Biden","foreign","other",0.0,-0.61,-0.3,-0.3,1325
"2019-10-16","Warren","politics","politics",0.0,0.34,-0.32,0.01,692
"2019-10-17","Warren","oped","opinion",0.0,0.61,0.0,0.2,852
"2019-10-15","Biden","bookreview","other",0.0,0.0,0.0,0.0,1187
"2019-10-17","Biden","politics","politics",0.0,0.0,0.0,0.0,1213
"2019-10-15","Biden","politics","politics",-0.48,-0.15,-0.23,-0.29,1239
"2019-10-16","Warren","oped","opinion",0.0,0.64,0.0,0.21,606
"2019-10-16","Warren","politics","politics",0.49,-0.1,0.34,0.24,493
"2019-10-16","Warren","politics","politics",-0.44,0.2,0.73,0.16,1370
"2019-10-18","Biden","washington","politics",-0.34,-0.45,0.0,-0.26,680
"2019-10-18","Buttigieg","politics","politics",-0.53,-0.81,-0.7,-0.68,478
"2019-10-18","Biden","washington","politics",-0.34,-0.45,0.0,-0.26,680
"2019-10-19","Sanders","politics","politics",0.56,0.13,0.15,0.28,1631
"2019-10-19","Sanders","oped","opinion",0.6,0.0,0.15,0.25,1842
"2019-10-17","Warren","oped","opinion",0.0,0.61,0.0,0.2,852
"2019-10-17","Warren","oped","opinion",0.0,0.61,0.0,0.2,852
"2019-10-20","Warren","politics","politics",0.0,0.05,0.15,0.07,949
"2019-10-21","Warren","politics","politics",0.38,0.0,0.13,0.17,1054
"2019-10-21","Warren","oped","opinion",-0.15,0.49,0.27,0.2,917
"2019-10-23","Sanders","metro","other",0.0,0.0,0.0,0.0,1125
"2019-10-23","Warren","oped","opinion",0.44,-0.44,-0.66,-0.22,1440
"2019-10-23","Sanders","metro","other",0.0,0.0,0.0,0.0,1125
"2019-10-23","Warren","oped","opinion",0.44,-0.44,-0.66,-0.22,1440
"2019-10-23","Sanders","metro","other",0.0,0.0,0.0,0.0,1125
"2019-10-23","Warren","letters","other",0.0,0.0,0.0,0.0,732
"2019-10-23","Warren","letters","other",0.0,0.0,0.0,0.0,732
"2019-10-23","Biden","politics","politics",0.0,-0.67,0.31,-0.12,1111
"2019-10-23","Biden","politics","politics",0.0,-0.67,0.31,-0.12,1111
"2019-10-21","Warren","oped","opinion",-0.15,0.49,0.27,0.2,917
"2019-10-23","Warren","oped","opinion",0.44,-0.44,-0.66,-0.22,1440
"2019-10-23","Sanders","metro","other",0.0,0.0,0.0,0.0,1125
"2019-10-23","Warren","oped","opinion",0.44,-0.44,-0.66,-0.22,1440
"2019-10-23","Warren","letters","other",0.0,0.0,0.0,0.0,732
"2019-10-23","Warren","letters","other",0.0,0.0,0.0,0.0,732
"2019-10-24","Buttigieg","styles","other",0.86,0.4,0.8,0.69,674
"2019-10-23","Buttigieg","politics","politics",0.0,0.67,0.13,0.27,1568
"2019-10-23","Buttigieg","politics","politics",0.0,0.67,0.13,0.27,1568
"2019-10-24","Biden","politics","politics",0.77,0.66,0.9,0.78,741
"2019-10-25","Buttigieg","politics","politics",0.51,-0.1,0.46,0.29,969
"2019-10-26","Warren","oped","opinion",-0.4,0.48,0.78,0.29,847
"2019-10-25","Buttigieg","politics","politics",0.51,-0.1,0.46,0.29,969
"2019-10-27","Buttigieg","politics","politics",0.0,0.4,-0.36,0.01,1680
"2019-10-25","Sanders","podcasts","other",0.44,0.89,0.0,0.44,333
"2019-10-27","Biden","politics","politics",0.0,-0.85,-0.65,-0.5,1033
"2019-10-26","Biden","politics","politics",0.0,0.3,0.46,0.25,1844
"2019-10-25","Sanders","podcasts","other",0.44,0.89,0.0,0.44,333
"2019-10-26","Biden","politics","politics",0.0,0.3,0.46,0.25,1844
"2019-10-25","Sanders","politics","politics",0.53,0.0,0.0,0.18,1483
"2019-10-25","Warren","letters","other",0.0,-0.38,0.0,-0.13,415
"2019-10-27","Biden","politics","politics",0.0,-0.85,-0.65,-0.5,1033
"2019-10-29","Warren","politics","politics",0.0,0.0,0.46,0.15,1172
"2019-10-27","Buttigieg","politics","politics",0.0,0.4,-0.36,0.01,1680
"2019-10-28","Warren","politics","politics",0.0,-0.3,0.0,-0.1,2881
"2019-10-27","Biden","politics","politics",0.0,-0.85,-0.65,-0.5,1033
"2019-10-29","Biden","business","business",0.0,0.38,-0.64,-0.09,1402
"2019-10-30","Warren","obits","other",-0.38,-0.65,-0.8,-0.61,714
"2019-10-31","Warren","politics","politics",0.03,0.0,0.4,0.14,823
"2019-11-03","Warren","politics","politics",0.0,-0.05,0.4,0.12,728
"2019-11-03","Warren","nytnow","other",0.0,0.2,0.0,0.07,1192
"2019-11-02","Warren","business","business",0.32,0.56,0.46,0.44,1728
"2019-11-01","Warren","politics","politics",0.0,-0.15,-0.8,-0.31,1322
"2019-11-01","Warren","nytnow","other",0.0,0.0,0.0,0.0,1105
"2019-11-02","Warren","politics","politics",-0.1,0.0,0.18,0.03,919
"2019-11-03","Warren","oped","opinion",0.0,0.53,0.64,0.39,1061
"2019-11-01","Warren","upshot","opinion",0.0,0.72,0.88,0.53,802
"2019-11-01","Warren","nytnow","other",0.0,0.0,0.0,0.0,1400
"2019-11-01","Warren","oped","opinion",0.0,-0.08,-0.5,-0.19,776
"2019-11-02","Warren","editorial","opinion",0.49,0.17,0.6,0.42,905
"2019-11-03","Warren","politics","politics",0.0,-0.05,0.4,0.12,728
"2019-11-03","Warren","nytnow","other",0.0,0.2,0.0,0.07,1192
"2019-11-04","Warren","oped","opinion",0.0,0.83,-0.34,0.16,1100
"2019-11-04","Buttigieg","politics","politics",0.4,0.3,0.4,0.37,1656
"2019-11-04","Warren","politics","politics",0.0,-0.29,0.42,0.04,1769
"2019-11-05","Warren","oped","opinion",0.65,-0.08,0.85,0.47,1201
"2019-11-03","Warren","oped","opinion",0.0,0.53,0.64,0.39,1061
"2019-11-05","Warren","oped","opinion",-0.48,-0.08,0.15,-0.13,862
"2019-11-04","Warren","letters","other",-0.1,0.76,0.0,0.22,575
"2019-11-04","Biden","nytnow","other",0.0,0.0,0.0,0.0,1077
"2019-11-07","Buttigieg","oped","opinion",-0.81,-0.7,-0.79,-0.77,933
"2019-11-05","Warren","oped","opinion",0.65,-0.08,0.85,0.47,1201
"2019-11-05","Warren","oped","opinion",-0.48,-0.08,0.15,-0.13,862
"2019-11-07","Sanders","politics","politics",0.0,0.4,0.2,0.2,1084
"2019-11-07","Warren","letters","other",-0.34,0.0,0.0,-0.11,699
"2019-11-06","Warren","politics","politics",0.34,0.32,0.23,0.3,911
"2019-11-07","Bloomberg","politics","politics",0.32,0.0,0.32,0.21,1638
"2019-11-07","Bloomberg","nytnow","other",0.0,0.0,0.0,0.0,1090
"2019-11-07","Sanders","politics","politics",0.0,0.53,0.8,0.44,772
"2019-11-07","Warren","express","other",0.49,-0.1,-0.18,0.07,727
"2019-11-07","Buttigieg","oped","opinion",-0.81,-0.7,-0.79,-0.77,933
"2019-11-08","Bloomberg","letters","other",0.0,-0.47,0.0,-0.16,322
"2019-11-09","Buttigieg","politics","politics",-0.42,0.57,0.0,0.05,1603
"2019-11-08","Bloomberg","nytnow","other",0.0,0.0,0.0,0.0,1339
"2019-11-07","Sanders","politics","politics",0.0,0.4,0.2,0.2,1084
"2019-11-07","Warren","letters","other",-0.34,0.0,0.0,-0.11,699
"2019-11-09","Bloomberg","upshot","opinion",0.0,0.18,-0.89,-0.24,1169
"2019-11-08","Bloomberg","oped","opinion",0.46,0.75,0.0,0.4,670
"2019-11-07","Bloomberg","politics","politics",0.32,0.0,0.32,0.21,1638
"2019-11-07","Bloomberg","nytnow","other",0.0,0.0,0.0,0.0,1090
"2019-11-07","Sanders","politics","politics",0.0,0.53,0.8,0.44,772
"2019-11-09","Bloomberg","politics","politics",0.0,0.0,0.59,0.2,1111
"2019-11-08","Bloomberg","politics","politics",0.0,-0.18,0.0,-0.06,825
"2019-11-07","Warren","express","other",0.49,-0.1,-0.18,0.07,727
"2019-11-11","Bloomberg","oped","opinion",0.0,-0.61,0.0,-0.2,858
"2019-11-09","Buttigieg","politics","politics",-0.42,0.57,0.0,0.05,1603
"2019-11-10","Biden","politics","politics",0.0,0.0,-0.08,-0.03,2630
"2019-11-10","Sanders","society","other",0.0,0.0,0.49,0.16,281
"2019-11-11","Bloomberg","letters","other",0.0,0.0,0.0,0.0,601
"2019-11-10","Warren","business","business",0.0,0.53,-0.1,0.14,1474
"2019-11-09","Bloomberg","upshot","opinion",0.0,0.18,-0.89,-0.24,1169
"2019-11-11","Warren","business","business",0.49,0.36,0.44,0.43,2102
"2019-11-10","Sanders","politics","politics",0.0,0.0,0.5,0.17,1242
"2019-11-09","Bloomberg","politics","politics",0.0,0.0,0.59,0.2,1111
"2019-11-10","Bloomberg","nytnow","other",0.0,0.2,0.0,0.07,1069
"2019-11-10","Biden","metro","other",-0.13,-0.23,-0.34,-0.23,1237
"2019-11-12","Bloomberg","politics","politics",0.0,0.0,0.0,0.0,1624
"2019-11-13","Warren","politics","politics",0.49,-0.66,0.25,0.03,508
"2019-11-11","Bloomberg","oped","opinion",0.0,-0.61,0.0,-0.2,858
"2019-11-12","Sanders","politics","politics",-0.05,0.59,0.75,0.43,914
"2019-11-11","Bloomberg","letters","other",0.0,0.0,0.0,0.0,601
"2019-11-12","Warren","oped","opinion",0.0,0.4,0.95,0.45,890
"2019-11-12","Bloomberg","national","politics",0.0,-0.18,0.48,0.1,1714
"2019-11-12","Warren","oped","opinion",0.0,0.4,0.95,0.45,890
"2019-11-12","Bloomberg","metro","other",0.23,0.4,-0.51,0.04,707
"2019-11-13","Sanders","politics","politics",-0.48,-0.15,0.32,-0.1,1393
"2019-11-11","Warren","business","business",0.49,0.36,0.44,0.43,2102
"2019-11-12","Bloomberg","oped","opinion",0.0,0.0,0.84,0.28,1733
"2019-11-13","Warren","politics","politics",0.49,-0.66,0.25,0.03,508
"2019-11-15","Bloomberg","politics","politics",0.0,-0.75,0.12,-0.21,1416
"2019-11-14","Sanders","climate","other",0.82,0.7,0.68,0.73,1433
"2019-11-14","Warren","business","business",0.49,0.8,0.82,0.7,1021
"2019-11-13","Sanders","politics","politics",-0.48,-0.15,0.32,-0.1,1393
"2019-11-14","Bloomberg","politics","politics",-0.57,-0.57,0.74,-0.13,1510
"2019-11-16","Warren","upshot","opinion",0.0,0.66,0.2,0.29,850
"2019-11-15","Bloomberg","politics","politics",0.0,-0.75,0.12,-0.21,1416
"2019-11-17","Bloomberg","politics","politics",-0.08,0.54,0.13,0.2,1768
"2019-11-15","Bloomberg","politics","politics",0.0,0.0,0.0,0.0,1002
"2019-11-17","Warren","politics","politics",0.0,0.27,0.49,0.26,2635
"2019-11-15","Warren","politics","politics",0.32,0.0,0.8,0.37,1556
"2019-11-17","Warren","politics","politics",0.0,0.27,0.49,0.26,2635
"2019-11-15","Warren","politics","politics",0.32,0.0,0.8,0.37,1556
"2019-11-17","Warren","politics","politics",0.0,0.27,0.49,0.26,2635
"2019-11-17","Buttigieg","politics","politics",0.0,0.56,0.0,0.19,603
"2019-11-19","Warren","oped","opinion",0.49,0.0,0.0,0.16,742
"2019-11-18","Bloomberg","oped","opinion",0.0,0.05,-0.34,-0.1,905
"2019-11-18","Buttigieg","politics","politics",0.0,-0.18,-0.34,-0.17,554
"2019-11-17","Bloomberg","editorial","opinion",0.36,0.44,0.0,0.27,982
"2019-11-18","Bloomberg","letters","other",0.05,0.03,0.0,0.03,467
"2019-11-17","Bloomberg","editorial","opinion",0.36,0.44,0.0,0.27,982
"2019-11-18","Bloomberg","letters","other",0.05,0.03,0.0,0.03,467
"2019-11-19","Biden","politics","politics",0.0,0.4,0.32,0.24,1661
"2019-11-17","Warren","politics","politics",0.0,0.27,0.49,0.26,2635
"2019-11-17","Warren","politics","politics",0.0,0.27,0.49,0.26,2635
"2019-11-17","Buttigieg","politics","politics",0.0,0.56,0.0,0.19,603
"2019-11-19","Warren","oped","opinion",0.49,0.0,0.0,0.16,742
"2019-11-21","Warren","politics","politics",0.0,0.0,0.48,0.16,1332
"2019-11-21","Buttigieg","politics","politics",-0.54,0.36,0.0,-0.06,1704
"2019-11-19","Biden","politics","politics",0.0,0.4,0.32,0.24,1661
"2019-11-20","Warren","oped","opinion",-0.53,0.69,0.26,0.14,2722
"2019-11-21","Buttigieg","oped","opinion",0.0,0.0,0.0,0.0,1515
"2019-11-21","Warren","politics","politics",0.0,0.0,0.48,0.16,1332
"2019-11-21","Buttigieg","politics","politics",-0.54,0.36,0.0,-0.06,1704
"2019-11-22","Buttigieg","podcasts","other",0.0,0.0,0.0,0.0,1037
"2019-11-21","Warren","politics","politics",0.0,-0.36,0.73,0.12,651
"2019-11-21","Biden","politics","politics",0.25,0.0,-0.64,-0.13,596
"2019-11-22","Buttigieg","podcasts","other",0.0,0.0,0.0,0.0,985
"2019-11-22","Buttigieg","podcasts","other",0.0,0.0,0.0,0.0,985
"2019-11-21","Biden","politics","politics",0.25,0.0,-0.64,-0.13,596
"2019-11-21","Warren","politics","politics",0.0,-0.36,0.73,0.12,651
"2019-11-23","Warren","politics","politics",-0.1,0.0,0.42,0.11,1861
"2019-11-22","Bloomberg","politics","politics",0.32,0.0,0.27,0.2,1124
"2019-11-24","Bloomberg","business","business",0.0,0.0,0.36,0.12,555
"2019-11-25","Bloomberg","nytnow","other",0.0,0.0,0.0,0.0,1426
"2019-11-25","Sanders","politics","politics",0.64,0.69,0.83,0.72,1547
"2019-11-23","Warren","politics","politics",-0.1,0.0,0.42,0.11,1861
"2019-11-25","Bloomberg","politics","politics",-0.3,0.59,-0.51,-0.07,1219
"2019-11-23","Warren","politics","politics",-0.1,0.0,0.42,0.11,1861
"2019-11-25","Sanders","politics","politics",0.64,0.69,0.83,0.72,1547
"2019-11-26","Bloomberg","metro","other",-0.53,0.05,0.0,-0.16,985
"2019-11-26","Buttigieg","politics","politics",0.0,-0.4,-0.9,-0.44,615
"2019-11-26","Buttigieg","politics","politics",0.0,-0.4,-0.9,-0.44,615
"2019-11-25","Bloomberg","nytnow","other",0.0,0.0,0.0,0.0,1426
"2019-11-27","Warren","politics","politics",0.49,-0.83,0.13,-0.07,647
"2019-11-25","Bloomberg","politics","politics",-0.3,0.59,-0.51,-0.07,1219
"2019-11-25","Bloomberg","politics","politics",-0.3,0.59,-0.51,-0.07,1219
"2019-11-26","Bloomberg","letters","other",0.0,0.0,0.0,0.0,423
"2019-11-26","Bloomberg","letters","other",0.0,0.0,0.0,0.0,423
"2019-11-26","Bloomberg","politics","politics",0.4,0.15,0.34,0.3,1538
"2019-11-26","Bloomberg","politics","politics",0.4,0.15,0.34,0.3,1538
"2019-11-27","Sanders","politics","politics",0.0,0.3,-0.55,-0.08,2658
"2019-11-27","Biden","podcasts","other",0.0,0.0,0.0,0.0,254
"2019-11-29","Buttigieg","nytnow","other",0.0,0.0,0.0,0.0,1136
"2019-11-27","Sanders","politics","politics",0.0,0.3,-0.55,-0.08,2658
"2019-11-29","Buttigieg","nytnow","other",0.0,0.0,0.0,0.0,1136
"2019-11-29","Warren","business","business",0.71,0.03,0.85,0.53,1305
"2019-11-29","Warren","business","business",0.71,0.03,0.85,0.53,1305
"2019-11-29","Buttigieg","nytnow","other",0.0,0.0,0.0,0.0,1136
"2019-12-03","Biden","culture","other",0.0,0.42,0.95,0.46,599
"2019-12-03","Biden","culture","other",0.0,0.42,0.95,0.46,599
"2019-12-03","Biden","politics","politics",0.59,0.87,0.51,0.65,1219
"2019-12-05","Biden","politics","politics",-0.4,-0.08,-0.66,-0.38,953
"2019-12-05","Bloomberg","politics","politics",-0.34,-0.76,-0.56,-0.55,1174
"2019-12-05","Buttigieg","editorial","opinion",0.0,0.0,-0.44,-0.15,695
"2019-12-04","Buttigieg","politics","politics",0.0,0.0,0.4,0.13,1688
"2019-12-05","Bloomberg","politics","politics",-0.34,-0.76,-0.56,-0.55,1174
"2019-12-03","Biden","culture","other",0.0,0.42,0.95,0.46,599
"2019-12-03","Biden","culture","other",0.0,0.42,0.95,0.46,599
"2019-12-04","Biden","business","business",0.0,-0.1,-0.08,-0.06,904
"2019-12-04","Biden","business","business",0.0,-0.1,-0.08,-0.06,904
"2019-12-04","Buttigieg","politics","politics",0.34,0.32,0.54,0.4,684
"2019-12-04","Buttigieg","politics","politics",0.34,0.32,0.54,0.4,684
"2019-12-05","Biden","politics","politics",-0.4,-0.08,-0.66,-0.38,953
"2019-12-05","Buttigieg","editorial","opinion",0.0,0.0,-0.44,-0.15,695
"2019-12-06","Sanders","podcasts","other",0.0,0.0,0.0,0.0,693
"2019-12-07","Buttigieg","politics","politics",0.18,0.48,0.15,0.27,1614
"2019-12-06","Sanders","podcasts","other",0.0,0.0,0.0,0.0,693
"2019-12-06","Sanders","podcasts","other",0.0,0.0,0.0,0.0,1266
"2019-12-06","Buttigieg","politics","politics",-0.27,0.03,-0.4,-0.22,1270
"2019-12-06","Biden","politics","politics",0.0,0.0,-0.42,-0.14,1500
"2019-12-06","Biden","politics","politics",0.0,0.0,-0.42,-0.14,1500
"2019-12-06","Bloomberg","politics","politics",0.0,0.25,0.3,0.18,1184
"2019-12-06","Biden","politics","politics",0.0,0.0,-0.42,-0.14,1500
"2019-12-05","Bloomberg","politics","politics",0.64,-0.4,0.0,0.08,952
"2019-12-06","Biden","nytnow","other",0.0,0.0,0.0,0.0,1273
"2019-12-06","Buttigieg","investigative","other",0.0,0.49,0.34,0.28,2329
"2019-12-07","Buttigieg","politics","politics",0.18,0.48,0.15,0.27,1614
"2019-12-07","Buttigieg","politics","politics",0.18,0.48,0.15,0.27,1614
"2019-12-09","Buttigieg","politics","politics",0.4,-0.68,0.0,-0.09,1249
"2019-12-09","Buttigieg","letters","other",0.0,-0.51,0.0,-0.17,578
"2019-12-10","Warren","politics","politics",0.2,0.2,-0.67,-0.09,1569
"2019-12-11","Biden","politics","politics",0.0,0.0,-0.35,-0.12,1146
"2019-12-11","Biden","politics","politics",0.0,0.0,-0.35,-0.12,1146
"2019-12-10","Sanders","oped","opinion",0.59,0.0,0.94,0.51,1200
"2019-12-10","Buttigieg","politics","politics",0.64,-0.36,0.64,0.3,1208
"2019-12-09","Warren","politics","politics",0.13,-0.1,-0.1,-0.03,552
"2019-12-09","Buttigieg","letters","other",0.0,-0.51,0.0,-0.17,578
"2019-12-10","Sanders","politics","politics",0.34,0.42,-0.3,0.16,940
"2019-12-09","Buttigieg","letters","other",0.0,-0.51,0.0,-0.17,578
"2019-12-09","Warren","politics","politics",0.13,-0.1,-0.1,-0.03,552
"2019-12-13","Warren","podcasts","other",0.0,0.0,0.54,0.18,921
"2019-12-13","Warren","politics","politics",-0.75,-0.42,0.46,-0.24,1040
"2019-12-12","Biden","oped","opinion",-0.38,0.0,0.0,-0.13,647
"2019-12-13","Warren","politics","politics",-0.75,-0.42,0.46,-0.24,1040
"2019-12-11","Biden","politics","politics",0.0,0.0,-0.35,-0.12,1146
"2019-12-13","Sanders","politics","politics",-0.15,-0.77,0.32,-0.2,948
"2019-12-13","Warren","politics","politics",-0.75,-0.42,0.46,-0.24,1040
"2019-12-13","Warren","podcasts","other",0.0,0.0,0.0,0.0,1302
"2019-12-14","Buttigieg","oped","opinion",0.0,-0.3,0.0,-0.1,1590
"2019-12-14","Buttigieg","oped","opinion",0.0,-0.3,0.0,-0.1,1590
"2019-12-14","Bloomberg","politics","politics",0.0,0.75,0.61,0.45,2065
"2019-12-13","Warren","politics","politics",-0.75,-0.42,0.46,-0.24,1040
"2019-12-14","Buttigieg","politics","politics",0.0,-0.3,0.67,0.12,1055
"2019-12-13","Warren","podcasts","other",0.0,0.0,0.0,0.0,1302
"2019-12-16","Bloomberg","politics","politics",0.0,0.0,0.0,0.0,829
"2019-12-16","Bloomberg","politics","politics",0.0,0.0,0.0,0.0,829
"2019-12-16","Buttigieg","magazine","other",-0.49,0.19,0.78,0.16,1138
"2019-12-18","Buttigieg","politics","politics",0.49,-0.46,0.48,0.17,1601
"2019-12-18","Buttigieg","politics","politics",0.49,-0.46,0.48,0.17,1601
"2019-12-20","Warren","politics","politics",0.0,0.61,-0.42,0.06,1237
"2019-12-20","Warren","politics","politics",0.0,0.61,-0.42,0.06,1237
"2019-12-19","Warren","politics","politics",0.0,0.27,0.34,0.2,557
"2019-12-19","Bloomberg","politics","politics",0.49,0.0,0.62,0.37,1151
"2019-12-20","Biden","podcasts","other",0.0,-0.65,0.0,-0.22,652
"2019-12-20","Biden","oped","opinion",0.0,0.64,0.0,0.21,1087
"2019-12-20","Buttigieg","politics","politics",-0.48,-0.62,-0.44,-0.51,1847
"2019-12-20","Buttigieg","nytnow","other",0.18,0.0,0.0,0.06,1288
"2019-12-20","Buttigieg","nytnow","other",0.18,0.0,0.0,0.06,1288
"2019-12-23","Warren","politics","politics",-0.36,-0.2,0.53,-0.01,1311
"2019-12-23","Buttigieg","politics","politics",-0.4,0.46,0.0,0.02,1237
"2019-12-23","Warren","politics","politics",-0.36,-0.2,0.53,-0.01,1311
"2019-12-23","Buttigieg","politics","politics",-0.4,0.46,0.0,0.02,1237
"2019-12-25","Biden","politics","politics",0.0,0.68,0.0,0.23,1618
"2019-12-24","Sanders","politics","politics",0.64,0.84,0.0,0.49,1551
"2019-12-24","Sanders","politics","politics",0.64,0.84,0.0,0.49,1551
"2019-12-24","Biden","oped","opinion",0.0,0.0,0.0,0.0,659
"2019-12-24","Biden","oped","opinion",0.0,0.0,0.0,0.0,659
"2019-12-25","Biden","politics","politics",0.0,0.68,0.0,0.23,1618
"2019-12-27","Sanders","nytnow","other",0.0,0.0,0.0,0.0,1411
"2019-12-27","Sanders","nytnow","other",0.0,0.0,0.0,0.0,1411
"2019-12-27","Warren","politics","politics",0.0,0.44,0.32,0.25,1562
"2019-12-27","Sanders","nytnow","other",0.0,0.0,0.0,0.0,1411
"2019-12-29","Biden","letters","other",0.64,0.44,0.0,0.36,274
"2019-12-28","Biden","politics","politics",0.0,-0.15,-0.3,-0.15,1180
"2019-12-27","Warren","politics","politics",0.0,0.44,0.32,0.25,1562
"2019-12-28","Biden","politics","politics",0.0,-0.15,-0.3,-0.15,1180
"2019-12-29","Biden","letters","other",0.64,0.44,0.0,0.36,274
"2019-12-31","Warren","politics","politics",0.44,0.54,-0.66,0.11,1432
"2019-12-30","Biden","politics","politics",0.0,0.0,0.0,0.0,442
"2019-12-30","Sanders","politics","politics",0.0,-0.48,-0.69,-0.39,432
"2019-12-31","Warren","politics","politics",0.44,0.54,-0.66,0.11,1432
"2020-01-03","Warren","politics","politics",-0.27,0.0,0.2,-0.02,680
"2020-01-01","Buttigieg","politics","politics",0.23,0.0,-0.3,-0.02,719
"2020-01-01","Buttigieg","politics","politics",0.23,0.0,-0.3,-0.02,719
"2020-01-03","Warren","politics","politics",-0.27,0.0,0.2,-0.02,680
"2020-01-02","Biden","politics","politics",0.0,0.46,0.59,0.35,790
"2020-01-02","Biden","letters","other",-0.13,-0.52,0.0,-0.22,276
"2020-01-02","Biden","letters","other",-0.13,-0.52,0.0,-0.22,276
"2020-01-03","Warren","politics","politics",-0.27,0.0,0.2,-0.02,680
"2020-01-03","Biden","politics","politics",-0.48,-0.23,-0.74,-0.48,1267
"2020-01-03","Buttigieg","politics","politics",0.0,0.58,0.64,0.41,1878
"2020-01-06","Warren","politics","politics",0.34,0.49,0.3,0.38,448
"2020-01-07","Bloomberg","politics","politics",0.6,0.56,0.77,0.64,863
"2020-01-06","Warren","politics","politics",0.34,0.49,0.3,0.38,448
"2020-01-07","Bloomberg","politics","politics",0.6,0.56,0.77,0.64,863
"2020-01-07","Bloomberg","politics","politics",0.6,0.56,0.77,0.64,863
"2020-01-07","Biden","politics","politics",-0.44,-0.1,0.34,-0.07,1331
"2020-01-07","Biden","politics","politics",-0.44,-0.1,0.34,-0.07,1331
"2020-01-09","Sanders","politics","politics",0.0,0.03,0.03,0.02,1562
"2020-01-08","Warren","politics","politics",0.0,0.59,0.0,0.2,1442
"2020-01-08","Warren","politics","politics",0.0,0.59,0.0,0.2,1442
"2020-01-09","Sanders","politics","politics",0.32,0.0,0.0,0.11,955
"2020-01-08","Biden","politics","politics",-0.4,0.0,0.46,0.02,1279
"2020-01-09","Sanders","politics","politics",0.0,0.03,0.03,0.02,1562
"2020-01-09","Sanders","politics","politics",0.0,0.03,0.03,0.02,1562
"2020-01-10","Buttigieg","politics","politics",0.0,0.4,0.42,0.27,1720
"2020-01-11","Bloomberg","politics","politics",-0.46,0.36,-0.19,-0.1,797
"2020-01-10","Sanders","politics","politics",0.0,0.2,0.0,0.07,691
"2020-01-10","Warren","politics","politics",0.0,0.0,-0.46,-0.15,1571
"2020-01-09","Sanders","politics","politics",0.32,0.0,0.0,0.11,955
"2020-01-09","Bloomberg","politics","politics",0.0,0.0,0.56,0.19,1487
"2020-01-11","Bloomberg","politics","politics",-0.46,0.36,-0.19,-0.1,797
"2020-01-12","Bloomberg","politics","politics",0.42,0.0,0.34,0.25,1225
"2020-01-13","Warren","universal","other",0.34,0.32,0.0,0.22,614
"2020-01-13","Sanders","upshot","opinion",0.49,0.0,0.78,0.42,988
"2020-01-13","Biden","politics","politics",-0.6,0.08,0.0,-0.17,1969
"2020-01-12","Sanders","politics","politics",-0.05,0.0,0.56,0.17,607
"2020-01-14","Warren","oped","opinion",0.0,0.0,0.0,0.0,1364
"2020-01-14","Warren","oped","opinion",0.0,0.0,0.0,0.0,1364
"2020-01-15","Warren","oped","opinion",0.4,0.0,-0.2,0.07,854
"2020-01-15","Warren","oped","opinion",0.4,0.0,-0.2,0.07,854
"2020-01-13","Biden","politics","politics",0.0,0.2,0.27,0.16,641
"2020-01-15","Warren","gender","other",-0.27,0.0,0.0,-0.09,1099
"2020-01-13","Warren","universal","other",0.34,0.32,0.0,0.22,614
"2020-01-13","Sanders","upshot","opinion",0.49,0.0,0.78,0.42,988
"2020-01-13","Biden","politics","politics",-0.6,0.08,0.0,-0.17,1969
"2020-01-13","Biden","politics","politics",-0.6,0.08,0.0,-0.17,1969
"2020-01-13","Sanders","politics","politics",0.56,0.49,0.56,0.54,1469
"2020-01-13","Sanders","politics","politics",0.56,0.49,0.56,0.54,1469
"2020-01-15","Warren","politics","politics",-0.67,0.0,-0.34,-0.34,1685
"2020-01-15","Warren","oped","opinion",0.4,0.0,-0.2,0.07,854
"2020-01-16","Sanders","oped","opinion",0.59,-0.69,0.0,-0.04,850
"2020-01-15","Sanders","politics","politics",0.0,0.0,0.46,0.15,933
"2020-01-15","Sanders","politics","politics",0.0,0.0,0.46,0.15,933
"2020-01-15","Warren","oped","opinion",0.0,0.0,-0.46,-0.15,1238
"2020-01-17","Bloomberg","politics","politics",0.8,0.0,0.23,0.34,463
"2020-01-16","Sanders","oped","opinion",0.0,0.0,0.0,0.0,700
"2020-01-16","Sanders","washington","politics",0.0,0.0,0.0,0.0,122
"2020-01-17","Biden","politics","politics",0.0,0.0,0.46,0.15,939
"2020-01-18","Buttigieg","politics","politics",0.0,0.0,0.3,0.1,4289
"2020-01-17","Biden","politics","politics",0.0,0.0,0.46,0.15,939
"2020-01-18","Buttigieg","politics","politics",0.0,0.0,0.3,0.1,4289
"2020-01-18","Biden","oped","opinion",-0.3,0.0,-0.93,-0.41,760
"2020-01-21","Biden","politics","politics",0.53,0.38,0.74,0.55,522
"2020-01-20","Warren","letters","other",0.38,0.32,0.0,0.23,1235
"2020-01-21","Sanders","politics","politics",-0.27,0.05,-0.24,-0.15,2036
"2020-01-20","Warren","politics","politics",0.34,0.48,0.57,0.46,969
"2020-01-20","Warren","politics","politics",0.34,0.48,0.57,0.46,969
"2020-01-20","Warren","politics","politics",0.34,0.48,0.57,0.46,969
"2020-01-20","Sanders","editorial","opinion",0.0,0.0,0.46,0.15,470
"2020-01-20","Biden","politics","politics",-0.77,0.53,-0.6,-0.28,1478
"2020-01-21","Biden","politics","politics",0.53,0.38,0.74,0.55,522
"2020-01-22","Buttigieg","politics","politics",0.0,0.56,0.0,0.19,1377
"2020-01-21","Sanders","politics","politics",0.53,-0.56,0.4,0.12,1522
"2020-01-21","Biden","politics","politics",0.53,0.38,0.74,0.55,522
"2020-01-22","Buttigieg","politics","politics",0.0,0.56,0.0,0.19,1377
"2020-01-23","Bloomberg","politics","politics",0.0,-0.8,-0.3,-0.37,1110
"2020-01-22","Bloomberg","magazine","other",0.0,-0.46,-0.42,-0.29,1126
"2020-01-21","Bloomberg","metro","other",-0.36,-0.15,0.0,-0.17,1797
"2020-01-21","Biden","oped","opinion",-0.23,-0.48,-0.51,-0.4,994
"2020-01-21","Biden","oped","opinion",-0.23,-0.48,-0.51,-0.4,994
"2020-01-21","Sanders","politics","politics",-0.27,0.05,-0.24,-0.15,2036
"2020-01-22","Sanders","upshot","opinion",0.2,0.65,0.4,0.42,1131
"2020-01-23","Biden","washington","politics",-0.53,0.0,-0.03,-0.18,119
"2020-01-23","Biden","washington","politics",-0.53,0.0,-0.03,-0.18,119
"2020-01-23","Sanders","oped","opinion",0.03,0.42,0.2,0.21,875
"2020-01-22","Sanders","editorial","opinion",0.0,0.82,0.87,0.57,502
"2020-01-23","Warren","editorial","opinion",0.0,0.0,0.46,0.15,479
"2020-01-23","Biden","politics","politics",0.0,0.17,-0.38,-0.07,1601
"2020-01-23","Bloomberg","politics","politics",0.0,-0.8,-0.3,-0.37,1110
"2020-01-23","Biden","washington","politics",-0.34,0.0,0.0,-0.11,226
"2020-01-24","Biden","washington","politics",0.0,0.23,0.32,0.18,189
"2020-01-23","Biden","washington","politics",-0.34,0.0,0.0,-0.11,226
"2020-01-24","Biden","washington","politics",0.0,0.0,-0.4,-0.13,164
"2020-01-24","Biden","washington","politics",0.0,0.0,-0.4,-0.13,164
"2020-01-24","Biden","politics","politics",0.32,-0.69,-0.61,-0.33,931
"2020-01-25","Sanders","politics","politics",0.0,0.28,0.4,0.23,1714
"2020-01-23","Biden","washington","politics",-0.53,0.0,-0.03,-0.18,119
"2020-01-23","Sanders","oped","opinion",0.03,0.42,0.2,0.21,875
"2020-01-23","Sanders","oped","opinion",0.03,0.42,0.2,0.21,875
"2020-01-23","Warren","editorial","opinion",0.0,0.0,0.46,0.15,479
"2020-01-23","Biden","politics","politics",0.0,0.17,-0.38,-0.07,1601
"2020-01-26","Warren","politics","politics",0.72,0.32,0.74,0.59,273
"2020-01-26","Warren","politics","politics",0.32,-0.18,0.72,0.29,116
"2020-01-27","Buttigieg","editorial","opinion",0.0,0.32,0.46,0.26,428
"2020-01-27","Sanders","politics","politics",0.0,-0.77,0.13,-0.21,3118
"2020-01-27","Biden","washington","politics",-0.59,-0.2,0.36,-0.14,307
"2020-01-26","Warren","politics","politics",0.32,-0.18,0.72,0.29,116
"2020-01-26","Sanders","politics","politics",0.0,0.0,0.0,0.0,214
"2020-01-26","Biden","politics","politics",0.0,0.0,0.0,0.0,191
"2020-01-26","Warren","politics","politics",0.72,0.32,0.74,0.59,273
"2020-01-26","Biden","politics","politics",-0.4,0.57,0.0,0.06,67
"2020-01-27","Buttigieg","editorial","opinion",0.0,0.32,0.46,0.26,428
"2020-01-27","Sanders","politics","politics",0.0,-0.77,0.13,-0.21,3118
"2020-01-27","Biden","washington","politics",-0.59,-0.2,0.36,-0.14,307
"2020-01-26","Warren","politics","politics",0.0,0.57,0.28,0.28,214
"2020-01-26","Buttigieg","politics","politics",0.0,0.0,0.75,0.25,307
"2020-01-26","Bloomberg","politics","politics",-0.57,0.61,0.61,0.22,1323
"2020-01-26","Bloomberg","politics","politics",-0.57,0.61,0.61,0.22,1323
"2020-01-26","Biden","national","politics",0.0,0.34,0.18,0.17,2269
"2020-01-27","Warren","politics","politics",0.0,0.4,0.73,0.38,238
"2020-01-27","Biden","upshot","opinion",-0.4,0.0,0.0,-0.13,1340
"2020-01-26","Sanders","politics","politics",0.56,0.0,0.0,0.19,258
"2020-01-26","Buttigieg","politics","politics",0.0,0.42,-0.6,-0.06,232
"2020-01-27","Bloomberg","politics","politics",-0.1,-0.9,0.61,-0.13,407
"2020-01-27","Biden","politics","politics",0.59,0.0,0.05,0.21,187
"2020-01-26","Buttigieg","politics","politics",0.0,0.42,-0.6,-0.06,232
"2020-01-27","Bloomberg","politics","politics",-0.1,-0.9,0.61,-0.13,407
"2020-01-27","Biden","politics","politics",0.59,0.0,0.05,0.21,187
"2020-01-27","Bloomberg","politics","politics",0.0,-0.77,0.0,-0.26,1563
"2020-01-25","Sanders","politics","politics",0.0,0.28,0.4,0.23,1714
"2020-01-26","Biden","politics","politics",0.62,0.28,0.3,0.4,206
"2020-01-26","Biden","politics","politics",0.0,0.8,0.49,0.43,205
"2020-01-27","Biden","washington","politics",-0.42,0.0,0.0,-0.14,94
"2020-01-26","Warren","politics","politics",0.34,0.81,0.74,0.63,729
"2020-01-27","Buttigieg","editorial","opinion",0.0,0.32,0.46,0.26,428
"2020-01-27","Sanders","politics","politics",0.0,-0.77,0.13,-0.21,3118
"2020-01-27","Biden","washington","politics",-0.59,-0.2,0.36,-0.14,307
"2020-01-27","Buttigieg","politics","politics",0.0,0.4,0.13,0.18,1527
"2020-01-27","Sanders","politics","politics",0.0,-0.77,0.13,-0.21,3118
"2020-01-27","Biden","washington","politics",-0.59,-0.2,0.36,-0.14,307
"2020-01-27","Buttigieg","politics","politics",0.0,0.4,0.13,0.18,1527
"2020-01-28","Biden","politics","politics",0.0,0.0,0.39,0.13,1050
"2020-01-29","Biden","washington","politics",0.0,0.0,0.56,0.19,282
"2020-01-29","Biden","editorial","opinion",0.0,0.0,0.46,0.15,443
"2020-01-28","Biden","politics","politics",0.0,0.0,0.39,0.13,1050
"2020-01-29","Biden","politics","politics",-0.4,0.0,-0.59,-0.33,563
"2020-01-29","Biden","washington","politics",0.0,0.46,0.46,0.31,168
"2020-01-29","Biden","washington","politics",0.0,0.46,0.46,0.31,168
"2020-01-29","Bloomberg","politics","politics",0.2,-0.66,-0.69,-0.38,1506
"2020-01-27","Biden","washington","politics",0.0,0.0,-0.48,-0.16,185
"2020-01-27","Sanders","politics","politics",-0.25,0.18,0.48,0.13,1667
"2020-01-27","Biden","washington","politics",0.0,0.0,-0.48,-0.16,185
"2020-01-27","Warren","politics","politics",0.0,0.4,0.73,0.38,238
"2020-01-27","Biden","upshot","opinion",-0.4,0.0,0.0,-0.13,1340
"2020-01-29","Warren","business","business",0.0,0.34,0.27,0.2,240
"2020-01-29","Sanders","politics","politics",0.25,0.49,0.68,0.47,557
"2020-01-29","Warren","business","business",0.0,0.34,0.27,0.2,240
"2020-01-27","Warren","politics","politics",0.0,0.4,0.73,0.38,238
"2020-01-28","Biden","washington","politics",0.0,0.0,-0.73,-0.24,200
"2020-01-29","Sanders","politics","politics",0.25,0.49,0.68,0.47,557
"2020-01-28","Biden","magazine","other",0.44,0.62,-0.49,0.19,5334
"2020-01-27","Biden","politics","politics",0.59,0.0,0.05,0.21,187
"2020-01-28","Biden","washington","politics",-0.44,0.0,-0.27,-0.24,200
"2020-01-28","Sanders","politics","politics",0.2,-0.4,-0.44,-0.21,1174
"2020-01-27","Biden","politics","politics",0.59,0.0,0.05,0.21,187
"2020-01-29","Biden","politics","politics",0.0,-0.3,-0.3,-0.2,1552
"2020-01-29","Biden","politics","politics",0.0,-0.74,0.36,-0.13,1301
"2020-01-29","Warren","politics","politics",0.59,0.32,0.76,0.55,1673
"2020-01-27","Bloomberg","politics","politics",0.0,-0.77,0.0,-0.26,1563
"2020-01-27","Bloomberg","politics","politics",0.0,-0.77,0.0,-0.26,1563
"2020-01-29","Biden","politics","politics",0.0,0.84,0.64,0.5,660
"2020-01-27","Biden","washington","politics",-0.42,-0.23,0.34,-0.1,914
"2020-01-28","Buttigieg","politics","politics",0.0,-0.46,0.61,0.05,2217
"2020-01-27","Sanders","politics","politics",0.0,0.59,-0.61,-0.01,288
"2020-01-28","Buttigieg","politics","politics",0.0,-0.46,0.61,0.05,2217
"2020-01-28","Buttigieg","politics","politics",0.0,-0.46,0.61,0.05,2217
"2020-01-29","Biden","washington","politics",0.0,0.0,0.56,0.19,282
"2020-01-29","Biden","editorial","opinion",0.0,0.0,0.46,0.15,443
"2020-01-29","Biden","washington","politics",0.0,0.46,0.46,0.31,168
"2020-01-29","Bloomberg","politics","politics",0.2,-0.66,-0.69,-0.38,1506
"2020-01-29","Biden","washington","politics",0.0,0.0,0.56,0.19,282
"2020-01-29","Biden","editorial","opinion",0.0,0.0,0.46,0.15,443
"2020-01-30","Bloomberg","politics","politics",0.63,0.59,-0.05,0.39,1140
"2020-01-31","Bloomberg","politics","politics",0.0,0.49,0.0,0.16,1156
"2020-01-31","Bloomberg","politics","politics",0.0,0.49,0.0,0.16,1156
"2020-01-31","Bloomberg","politics","politics",0.0,0.49,0.0,0.16,1156
"2020-01-29","Warren","business","business",0.0,0.34,0.27,0.2,240
"2020-01-29","Sanders","politics","politics",0.25,0.49,0.68,0.47,557
"2020-01-29","Sanders","politics","politics",0.25,0.49,0.68,0.47,557
"2020-01-30","Sanders","politics","politics",-0.48,0.0,0.0,-0.16,1530
"2020-01-30","Biden","oped","opinion",-0.54,0.4,0.27,0.04,1181
"2020-01-30","Biden","politics","politics",0.0,0.0,0.0,0.0,1674
"2020-01-31","Bloomberg","politics","politics",0.0,0.4,0.2,0.2,1148
"2020-01-30","Biden","washington","politics",0.0,-0.42,-0.36,-0.26,237
"2020-01-29","Biden","politics","politics",0.0,-0.3,-0.3,-0.2,1552
"2020-01-29","Biden","politics","politics",0.0,-0.3,-0.3,-0.2,1552
"2020-01-30","Sanders","upshot","opinion",0.0,0.0,0.57,0.19,927
"2020-01-29","Biden","politics","politics",0.0,-0.74,0.36,-0.13,1301
"2020-01-29","Warren","politics","politics",0.59,0.32,0.76,0.55,1673
"2020-01-30","Warren","washington","politics",0.0,0.48,0.53,0.33,201
"2020-01-29","Biden","politics","politics",0.0,0.84,0.64,0.5,660
"2020-01-29","Biden","politics","politics",0.0,0.84,0.64,0.5,660
"2020-01-31","Sanders","styles","other",0.0,0.36,0.6,0.32,846
"2020-01-31","Biden","summary","other",-0.6,0.0,-0.27,-0.29,67
"2020-01-31","Sanders","politics","politics",0.0,-0.51,0.46,-0.02,1001
"2020-01-31","Sanders","oped","opinion",0.59,-0.07,-0.4,0.04,954
"2020-01-31","Buttigieg","politics","politics",-0.48,-0.72,0.13,-0.36,1688
"2020-01-31","Bloomberg","politics","politics",0.0,0.4,0.2,0.2,1148
"2020-01-31","Bloomberg","politics","politics",0.0,0.4,0.2,0.2,1148
"2020-01-31","Biden","summary","other",-0.6,0.0,-0.27,-0.29,67
"2020-01-31","Sanders","politics","politics",0.0,-0.51,0.46,-0.02,1001
"2020-02-01","Biden","washington","politics",-0.38,0.0,-0.6,-0.33,220
"2020-01-31","Sanders","oped","opinion",0.59,-0.07,-0.4,0.04,954
"2020-01-31","Buttigieg","politics","politics",-0.48,-0.72,0.13,-0.36,1688
"2020-02-01","Sanders","washington","politics",0.0,-0.1,-0.13,-0.08,1849
"2020-02-01","Biden","politics","politics",0.4,0.69,-0.25,0.28,2065
"2020-02-03","Bloomberg","metro","other",0.0,0.0,0.0,0.0,845
"2020-02-01","Biden","politics","politics",0.4,0.69,-0.25,0.28,2065
"2020-02-01","Sanders","washington","politics",0.0,-0.1,-0.13,-0.08,1849
"2020-02-03","Buttigieg","politics","politics",0.0,0.0,0.0,0.0,828
"2020-02-03","Biden","oped","opinion",0.48,0.08,0.4,0.32,1127
"2020-02-01","Sanders","politics","politics",0.0,0.0,0.78,0.26,846
"2020-02-03","Bloomberg","washington","politics",0.72,-0.32,0.0,0.13,1043
"2020-02-01","Bloomberg","politics","politics",0.56,0.28,0.02,0.29,996
"2020-02-03","Bloomberg","metro","other",0.0,0.0,0.0,0.0,845
"2020-02-03","Bloomberg","metro","other",0.0,0.0,0.0,0.0,845
"2020-02-04","Buttigieg","politics","politics",0.59,0.53,0.58,0.56,1291
"2020-02-05","Buttigieg","nytnow","other",0.0,0.0,0.0,0.0,1626
"2020-02-03","Biden","oped","opinion",0.48,0.08,0.4,0.32,1127
"2020-02-05","Buttigieg","nytnow","other",0.0,0.0,0.0,0.0,1626
"2020-02-05","Biden","politics","politics",-0.48,-0.15,-0.87,-0.5,2102
"2020-02-06","Bloomberg","politics","politics",0.19,0.75,0.0,0.31,1580
"2020-02-06","Sanders","politics","politics",0.47,0.34,0.0,0.27,1042
"2020-02-06","Sanders","politics","politics",0.67,-0.05,0.25,0.29,1075
"2020-02-06","Bloomberg","politics","politics",0.19,0.75,0.0,0.31,1580
"2020-02-06","Sanders","politics","politics",0.47,0.34,0.0,0.27,1042
"2020-02-06","Sanders","politics","politics",0.67,-0.05,0.25,0.29,1075
"2020-02-06","Sanders","politics","politics",0.47,0.34,0.0,0.27,1042
"2020-02-06","Sanders","politics","politics",0.67,-0.05,0.25,0.29,1075
"2020-02-07","Buttigieg","politics","politics",0.27,-0.08,0.23,0.14,1791
"2020-02-07","Buttigieg","politics","politics",0.18,0.42,0.46,0.35,1142
"2020-02-06","Biden","washington","politics",0.0,0.44,0.03,0.16,369
"2020-02-06","Biden","washington","politics",0.0,0.44,0.03,0.16,369
"2020-02-07","Bloomberg","washington","politics",0.32,-0.74,0.81,0.13,745
"2020-02-07","Buttigieg","politics","politics",0.18,0.42,0.46,0.35,1142
"2020-02-05","Biden","politics","politics",-0.48,-0.15,-0.87,-0.5,2102
"2020-02-07","Biden","politics","politics",0.0,-0.49,-0.81,-0.43,604
"2020-02-07","Buttigieg","politics","politics",0.27,-0.08,0.23,0.14,1791
"2020-02-08","Biden","politics","politics",-0.23,-0.79,0.23,-0.26,1745
"2020-02-07","Buttigieg","politics","politics",0.27,-0.08,0.23,0.14,1791
"2020-02-07","Bloomberg","washington","politics",0.32,-0.74,0.81,0.13,745
"2020-02-07","Bloomberg","washington","politics",0.32,-0.74,0.81,0.13,745
"2020-02-09","Biden","washington","politics",0.53,0.0,0.53,0.35,535
"2020-02-08","Biden","politics","politics",0.0,0.0,0.83,0.28,1435
"2020-02-08","Buttigieg","politics","politics",0.0,-0.34,-0.27,-0.2,569
"2020-02-08","Buttigieg","politics","politics",0.0,-0.34,-0.27,-0.2,569
"2020-02-08","Biden","politics","politics",0.0,0.0,0.83,0.28,1435
"2020-02-07","Biden","politics","politics",0.0,-0.49,-0.81,-0.43,604
"2020-02-11","Bloomberg","politics","politics",0.03,0.4,0.03,0.15,1012
"2020-02-11","Warren","politics","politics",0.0,0.62,-0.78,-0.05,1130
"2020-02-11","Warren","politics","politics",0.0,0.62,-0.78,-0.05,1130
"2020-02-11","Warren","politics","politics",0.0,0.62,-0.78,-0.05,1130
"2020-02-10","Sanders","oped","opinion",0.6,-0.19,0.0,0.14,1109
"2020-02-11","Bloomberg","politics","politics",0.13,0.0,0.13,0.09,788
"2020-02-10","Sanders","oped","opinion",0.6,-0.19,0.0,0.14,1109
"2020-02-12","Biden","culture","other",0.0,0.32,0.95,0.42,675
"2020-02-12","Bloomberg","washington","politics",0.0,-0.3,-0.66,-0.32,1079
"2020-02-11","Sanders","oped","opinion",0.0,0.7,0.0,0.23,1454
"2020-02-12","Warren","politics","politics",0.0,0.15,0.08,0.07,1701
"2020-02-13","Bloomberg","washington","politics",-0.8,0.51,-0.77,-0.35,487
"2020-02-13","Bloomberg","washington","politics",-0.8,0.51,-0.77,-0.35,487
"2020-02-12","Sanders","politics","politics",-0.43,0.69,-0.83,-0.19,1853
"2020-02-12","Sanders","politics","politics",-0.43,0.69,-0.83,-0.19,1853
"2020-02-12","Sanders","oped","opinion",-0.44,0.87,0.0,0.14,867
"2020-02-12","Bloomberg","washington","politics",-0.3,0.0,-0.32,-0.2,850
"2020-02-12","Sanders","oped","opinion",-0.44,0.87,0.0,0.14,867
"2020-02-13","Sanders","oped","opinion",0.0,-0.26,0.59,0.11,873
"2020-02-11","Warren","politics","politics",0.0,0.62,-0.78,-0.05,1130
"2020-02-12","Sanders","washington","politics",-0.49,-0.46,0.63,-0.11,1236
"2020-02-12","Warren","politics","politics",0.0,0.15,0.08,0.07,1701
"2020-02-12","Bloomberg","washington","politics",-0.3,0.0,-0.32,-0.2,850
"2020-02-13","Bloomberg","politics","politics",0.0,-0.17,0.5,0.11,1919
"2020-02-11","Warren","politics","politics",0.0,0.3,0.0,0.1,1432
"2020-02-12","Sanders","politics","politics",0.0,0.0,0.88,0.29,1873
"2020-02-12","Sanders","business","business",0.0,0.18,0.85,0.34,1117
"2020-02-12","Sanders","politics","politics",0.0,0.0,0.88,0.29,1873
"2020-02-12","Sanders","politics","politics",0.0,0.0,0.88,0.29,1873
"2020-02-11","Bloomberg","politics","politics",0.13,0.0,0.13,0.09,788
"2020-02-13","Bloomberg","oped","opinion",-0.44,-0.71,-0.77,-0.64,1140
"2020-02-12","Biden","politics","politics",-0.74,-0.36,-0.62,-0.57,1224
"2020-02-12","Bloomberg","oped","opinion",0.0,0.54,-0.57,-0.01,1465
"2020-02-13","Bloomberg","styles","other",0.0,0.0,0.36,0.12,889
"2020-02-12","Bloomberg","oped","opinion",0.0,0.54,-0.57,-0.01,1465
"2020-02-13","Bloomberg","styles","other",0.0,0.0,0.36,0.12,889
"2020-02-12","Sanders","oped","opinion",0.0,0.53,0.0,0.18,721
"2020-02-13","Bloomberg","politics","politics",-0.67,-0.59,-0.88,-0.71,1662
"2020-02-12","Sanders","oped","opinion",0.57,0.4,0.89,0.62,1061
"2020-02-13","Biden","politics","politics",0.0,-0.25,0.85,0.2,1710
"2020-02-12","Sanders","oped","opinion",0.0,0.53,0.0,0.18,721
"2020-02-13","Sanders","politics","politics",0.0,-0.44,0.44,0.0,1468
"2020-02-13","Bloomberg","letters","other",0.8,-0.4,0.0,0.13,534
"2020-02-14","Buttigieg","politics","politics",0.0,-0.34,-0.83,-0.39,2782
"2020-02-13","Bloomberg","washington","politics",-0.8,0.51,-0.77,-0.35,487
"2020-02-15","Bloomberg","oped","opinion",-0.4,0.38,0.82,0.27,1288
"2020-02-15","Bloomberg","oped","opinion",0.0,0.0,0.59,0.2,862
"2020-02-15","Buttigieg","politics","politics",0.0,0.75,0.69,0.48,1264
"2020-02-15","Bloomberg","oped","opinion",0.0,0.0,0.59,0.2,862
"2020-02-13","Bloomberg","politics","politics",0.0,-0.17,0.5,0.11,1919
"2020-02-14","Bloomberg","oped","opinion",0.0,-0.57,-0.15,-0.24,1317
"2020-02-14","Sanders","politics","politics",0.0,0.08,0.46,0.18,1187
"2020-02-14","Bloomberg","culture","other",-0.64,0.0,0.95,0.11,739
"2020-02-13","Bloomberg","oped","opinion",-0.44,-0.71,-0.77,-0.64,1140
"2020-02-13","Bloomberg","styles","other",0.0,0.0,0.36,0.12,889
"2020-02-14","Sanders","politics","politics",0.34,0.0,-0.32,0.01,408
"2020-02-13","Bloomberg","politics","politics",-0.67,-0.59,-0.88,-0.71,1662
"2020-02-14","Sanders","politics","politics",0.34,0.0,-0.32,0.01,408
"2020-02-16","Sanders","politics","politics",-0.23,0.0,0.65,0.14,1610
"2020-02-17","Biden","oped","opinion",-0.49,0.31,0.65,0.15,860
"2020-02-17","Bloomberg","politics","politics",0.44,-0.23,-0.62,-0.14,1281
"2020-02-15","Buttigieg","politics","politics",0.0,0.75,0.69,0.48,1264
"2020-02-15","Bloomberg","oped","opinion",0.0,0.0,0.59,0.2,862
"2020-02-15","Bloomberg","oped","opinion",-0.4,0.38,0.82,0.27,1288
"2020-02-17","Bloomberg","business","business",-0.18,-0.03,0.0,-0.07,1382
"2020-02-17","Biden","politics","politics",0.0,0.0,0.05,0.02,1608
"2020-02-16","Bloomberg","politics","politics",-0.54,0.75,0.0,0.07,1501
"2020-02-17","Bloomberg","politics","politics",0.0,0.0,0.0,0.0,1292
"2020-02-16","Bloomberg","politics","politics",-0.54,0.75,0.0,0.07,1501
"2020-02-17","Biden","politics","politics",0.0,0.0,0.05,0.02,1608
"2020-02-18","Bloomberg","oped","opinion",0.0,0.0,0.67,0.22,1149
"2020-02-17","Biden","oped","opinion",-0.49,0.31,0.65,0.15,860
"2020-02-19","Bloomberg","oped","opinion",-0.61,-0.3,-0.84,-0.58,992
"2020-02-18","Bloomberg","oped","opinion",0.0,0.0,0.67,0.22,1149
"2020-02-19","Bloomberg","oped","opinion",-0.61,-0.3,-0.84,-0.58,992
"2020-02-17","Biden","oped","opinion",-0.49,0.31,0.65,0.15,860
"2020-02-18","Bloomberg","politics","politics",0.0,0.0,0.0,0.0,1270
"2020-02-18","Bloomberg","podcasts","other",-0.3,0.21,0.0,-0.03,287
"2020-02-19","Bloomberg","politics","politics",0.0,0.0,0.04,0.01,3438
"2020-02-17","Biden","oped","opinion",-0.49,0.31,0.65,0.15,860
"2020-02-19","Bloomberg","oped","opinion",-0.61,-0.3,-0.84,-0.58,992
"2020-02-19","Bloomberg","politics","politics",0.0,0.0,0.04,0.01,3438
"2020-02-19","Bloomberg","metro","other",0.0,0.0,0.0,0.0,1260
"2020-02-18","Bloomberg","politics","politics",0.0,0.23,0.0,0.08,1086
"2020-02-17","Bloomberg","nytnow","other",0.0,0.0,0.0,0.0,1412
"2020-02-18","Bloomberg","nytnow","other",0.0,0.0,0.0,0.0,1495
"2020-02-19","Bloomberg","metro","other",0.0,0.0,0.0,0.0,1260
"2020-02-19","Warren","politics","politics",0.67,0.78,0.86,0.77,479
"2020-02-18","Warren","politics","politics",0.0,-0.25,0.53,0.09,1655
"2020-02-18","Bloomberg","nytnow","other",0.0,0.0,0.0,0.0,1495
"2020-02-18","Bloomberg","business","business",0.0,0.0,0.4,0.13,1389
"2020-02-18","Bloomberg","business","business",0.0,0.0,0.4,0.13,1389
"2020-02-19","Buttigieg","politics","politics",0.23,0.35,0.46,0.35,1585
"2020-02-19","Buttigieg","politics","politics",0.23,0.35,0.46,0.35,1585
"2020-02-17","Bloomberg","politics","politics",0.0,0.0,0.0,0.0,1292
"2020-02-19","Sanders","upshot","opinion",0.34,0.74,0.79,0.62,1180
"2020-02-19","Sanders","upshot","opinion",0.34,0.74,0.79,0.62,1180
"2020-02-19","Bloomberg","oped","opinion",0.0,0.0,0.27,0.09,928
"2020-02-19","Bloomberg","oped","opinion",0.0,0.0,0.27,0.09,928
"2020-02-18","Buttigieg","washington","politics",0.0,-0.89,0.74,-0.05,2280
"2020-02-19","Buttigieg","politics","politics",0.75,0.73,0.42,0.63,1499
"2020-02-18","Buttigieg","washington","politics",0.0,-0.89,0.74,-0.05,2280
"2020-02-19","Buttigieg","politics","politics",0.75,0.73,0.42,0.63,1499
"2020-02-21","Biden","politics","politics",-0.34,-0.48,-0.61,-0.48,1266
"2020-02-19","Bloomberg","oped","opinion",-0.61,-0.3,-0.84,-0.58,992
"2020-02-20","Warren","politics","politics",0.0,0.44,0.0,0.15,1450
"2020-02-20","Sanders","politics","politics",0.0,-0.1,-0.51,-0.2,1074
"2020-02-21","Bloomberg","politics","politics",0.0,0.15,-0.25,-0.03,1639
"2020-02-21","Sanders","washington","politics",0.0,-0.48,0.49,0.01,1136
"2020-02-21","Sanders","washington","politics",0.0,-0.48,0.49,0.01,1136
"2020-02-19","Bloomberg","metro","other",0.0,0.0,0.0,0.0,1260
"2020-02-21","Warren","politics","politics",0.0,0.0,0.0,0.0,1470
"2020-02-20","Bloomberg","business","business",0.0,0.49,0.08,0.19,1376
"2020-02-20","Bloomberg","nytnow","other",0.0,0.0,0.0,0.0,1474
"2020-02-20","Bloomberg","nytnow","other",0.0,0.0,0.0,0.0,1474
"2020-02-21","Warren","oped","opinion",0.4,-0.42,0.0,-0.01,712
"2020-02-20","Bloomberg","oped","opinion",0.0,0.36,0.0,0.12,1288
"2020-02-21","Sanders","oped","opinion",0.59,0.0,0.85,0.48,877
"2020-02-19","Bloomberg","politics","politics",0.0,0.0,0.0,0.0,1110
"2020-02-20","Bloomberg","oped","opinion",0.0,0.36,0.0,0.12,1288
"2020-02-20","Bloomberg","oped","opinion",0.0,0.44,0.0,0.15,862
"2020-02-20","Bloomberg","oped","opinion",0.0,0.44,0.0,0.15,862
"2020-02-19","Sanders","politics","politics",0.0,-0.26,-0.65,-0.3,621
"2020-02-19","Buttigieg","politics","politics",0.23,0.35,0.46,0.35,1585
"2020-02-19","Sanders","upshot","opinion",0.34,0.74,0.79,0.62,1180
"2020-02-20","Biden","politics","politics",-0.51,-0.23,0.23,-0.17,601
"2020-02-19","Sanders","politics","politics",0.0,-0.26,-0.65,-0.3,621
"2020-02-20","Sanders","oped","opinion",0.44,0.0,0.0,0.15,515
"2020-02-20","Biden","politics","politics",-0.51,-0.23,0.23,-0.17,601
"2020-02-20","Bloomberg","politics","politics",0.0,0.34,0.69,0.34,1513
"2020-02-20","Sanders","oped","opinion",0.44,0.0,0.0,0.15,515
"2020-02-21","Bloomberg","politics","politics",0.27,-0.25,-0.46,-0.15,1528
"2020-02-21","Bloomberg","politics","politics",0.27,-0.25,-0.46,-0.15,1528
"2020-02-21","Sanders","washington","politics",0.0,-0.48,0.49,0.01,1136
"2020-02-22","Warren","business","business",0.19,-0.15,0.69,0.24,715
"2020-02-21","Sanders","washington","politics",0.0,-0.48,0.49,0.01,1136
"2020-02-22","Sanders","washington","politics",0.4,0.37,0.32,0.36,1592
"2020-02-21","Sanders","washington","politics",0.0,-0.48,0.49,0.01,1136
"2020-02-22","Sanders","washington","politics",0.4,0.37,0.32,0.36,1592
"2020-02-23","Sanders","politics","politics",0.0,0.57,0.82,0.46,1441
"2020-02-23","Sanders","politics","politics",0.0,0.57,0.82,0.46,1441
"2020-02-23","Sanders","politics","politics",0.0,0.0,0.89,0.3,1727
"2020-02-23","Sanders","oped","opinion",0.0,-0.3,0.77,0.16,315
"2020-02-21","Warren","oped","opinion",0.4,-0.42,0.0,-0.01,712
"2020-02-21","Sanders","oped","opinion",0.59,0.0,0.85,0.48,877
"2020-02-22","Bloomberg","business","business",0.0,0.18,-0.08,0.03,1258
"2020-02-23","Sanders","oped","opinion",-0.34,0.48,0.59,0.24,934
"2020-02-22","Sanders","politics","politics",0.0,-0.2,-0.46,-0.22,1975
"2020-02-22","Sanders","oped","opinion",-0.2,0.0,0.92,0.24,918
"2020-02-21","Bloomberg","politics","politics",0.27,-0.25,-0.46,-0.15,1528
"2020-02-22","Sanders","politics","politics",0.0,-0.2,-0.46,-0.22,1975
"2020-02-22","Sanders","oped","opinion",-0.2,0.0,0.92,0.24,918
"2020-02-23","Sanders","politics","politics",0.78,0.51,0.38,0.56,1845
"2020-02-25","Bloomberg","express","other",0.27,0.0,-0.05,0.07,522
"2020-02-25","Biden","politics","politics",0.0,0.0,0.0,0.0,1994
"2020-02-25","Biden","politics","politics",0.0,0.0,0.0,0.0,1994
"2020-02-24","Warren","business","business",-0.4,0.0,0.49,0.03,1547
"2020-02-23","Sanders","politics","politics",0.0,0.0,0.89,0.3,1727
"2020-02-23","Sanders","oped","opinion",0.0,-0.3,0.77,0.16,315
"2020-02-24","Sanders","national","politics",-0.75,0.0,0.74,-0.01,1169
"2020-02-24","Sanders","nytnow","other",0.0,0.0,0.0,0.0,1398
"2020-02-24","Sanders","national","politics",-0.75,0.0,0.74,-0.01,1169
"2020-02-24","Sanders","politics","politics",0.36,0.0,0.0,0.12,1358
"2020-02-24","Sanders","oped","opinion",0.08,0.1,0.63,0.27,1007
"2020-02-25","Sanders","oped","opinion",-0.57,0.66,0.1,0.06,951
"2020-02-24","Sanders","oped","opinion",0.08,0.1,0.63,0.27,1007
"2020-02-24","Sanders","politics","politics",0.0,0.6,0.0,0.2,1421
"2020-02-26","Sanders","politics","politics",-0.49,-0.69,-0.91,-0.7,538
"2020-02-27","Bloomberg","oped","opinion",0.0,0.0,0.71,0.24,738
"2020-02-27","Bloomberg","oped","opinion",0.0,0.0,0.71,0.24,738
"2020-02-25","Warren","politics","politics",0.08,0.53,0.74,0.45,1074
"2020-02-25","Bloomberg","express","other",0.27,0.0,-0.05,0.07,522
"2020-02-25","Sanders","business","business",0.74,-0.72,-0.4,-0.13,632
"2020-02-25","Warren","politics","politics",0.08,0.53,0.74,0.45,1074
"2020-02-25","Bloomberg","express","other",0.27,0.0,-0.05,0.07,522
"2020-02-26","Sanders","politics","politics",0.0,0.0,-0.32,-0.11,1416
"2020-02-25","Bloomberg","express","other",0.27,0.0,-0.05,0.07,522
"2020-02-25","Sanders","business","business",0.74,-0.72,-0.4,-0.13,632
"2020-02-25","Warren","politics","politics",0.08,0.53,0.74,0.45,1074
"2020-02-27","Bloomberg","oped","opinion",-0.4,-0.72,-0.42,-0.51,1809
"2020-02-27","Bloomberg","washington","politics",0.19,0.08,-0.76,-0.17,1208
"2020-02-26","Sanders","oped","opinion",0.03,0.62,0.0,0.22,640
"2020-02-25","Biden","politics","politics",0.0,0.0,0.0,0.0,1994
"2020-02-25","Biden","politics","politics",0.0,0.0,0.0,0.0,1994
"2020-02-27","Biden","oped","opinion",0.0,0.71,0.87,0.53,762
"2020-02-27","Sanders","oped","opinion",0.0,0.66,0.84,0.5,707
"2020-02-26","Sanders","politics","politics",-0.81,-0.72,0.08,-0.48,1889
"2020-02-25","Sanders","oped","opinion",0.0,0.44,0.59,0.34,1595
"2020-02-25","Sanders","oped","opinion",-0.57,0.66,0.1,0.06,951
"2020-02-27","Sanders","nytnow","other",0.0,0.0,0.0,0.0,1152
"2020-02-27","Bloomberg","metro","other",0.0,-0.78,-0.66,-0.48,800
"2020-02-26","Bloomberg","styles","other",0.0,0.0,0.0,0.0,797
"2020-02-26","Biden","politics","politics",0.34,0.06,-0.3,0.04,1423
"2020-02-27","Sanders","politics","politics",-0.59,0.4,0.46,0.09,2358
"2020-02-25","Sanders","politics","politics",0.0,-0.1,-0.23,-0.11,1043
"2020-02-26","Bloomberg","styles","other",0.0,0.0,0.0,0.0,797
"2020-02-26","Bloomberg","styles","other",0.0,0.0,0.0,0.0,797
"2020-02-27","Biden","politics","politics",0.4,0.32,0.25,0.32,1362
"2020-02-27","Buttigieg","oped","opinion",0.0,0.0,-0.33,-0.11,735
"2020-02-27","Warren","oped","opinion",0.0,0.0,-0.83,-0.28,833
"2020-02-26","Biden","politics","politics",0.34,0.06,-0.3,0.04,1423
"2020-02-27","Biden","politics","politics",0.4,0.32,0.25,0.32,1362
"2020-02-27","Buttigieg","oped","opinion",0.0,0.0,-0.33,-0.11,735
"2020-02-27","Warren","oped","opinion",0.0,0.0,-0.83,-0.28,833
"2020-02-28","Sanders","politics","politics",-0.6,0.0,0.61,0.0,1612
"2020-02-29","Bloomberg","politics","politics",-0.62,-0.3,-0.2,-0.37,1127
"2020-02-27","Bloomberg","oped","opinion",0.0,0.0,0.71,0.24,738
"2020-02-29","Bloomberg","politics","politics",-0.62,-0.3,-0.2,-0.37,1127
"2020-02-29","Bloomberg","politics","politics",0.0,0.0,0.64,0.21,412
"2020-02-27","Bloomberg","washington","politics",0.19,0.08,-0.76,-0.17,1208
"2020-02-27","Bloomberg","oped","opinion",-0.4,-0.72,-0.42,-0.51,1809
"2020-02-28","Warren","business","business",0.0,-0.33,0.53,0.07,1312
"2020-02-28","Warren","politics","politics",0.27,0.71,0.18,0.39,1606
"2020-02-27","Biden","oped","opinion",0.0,0.71,0.87,0.53,762
"2020-02-27","Sanders","oped","opinion",0.0,0.66,0.84,0.5,707
"2020-02-27","Sanders","nytnow","other",0.0,0.0,0.0,0.0,1152
"2020-02-27","Sanders","nytnow","other",0.0,0.0,0.0,0.0,1152
"2020-02-28","Warren","politics","politics",0.0,0.83,0.9,0.58,435
"2020-02-27","Bloomberg","metro","other",0.0,-0.78,-0.66,-0.48,800
"2020-02-29","Biden","politics","politics",0.0,0.91,-0.3,0.21,1657
"2020-02-28","Sanders","oped","opinion",0.0,0.42,-0.08,0.11,1150
"2020-02-29","Sanders","politics","politics",0.08,-0.32,-0.66,-0.3,2690
"2020-02-27","Sanders","politics","politics",-0.59,0.4,0.46,0.09,2358
"2020-02-28","Sanders","washington","politics",0.49,-0.32,-0.13,0.02,1289
"2020-02-28","Sanders","washington","politics",0.49,-0.32,-0.13,0.02,1289
"2020-02-29","Biden","oped","opinion",0.59,0.54,-0.13,0.33,1031
"2020-02-28","Sanders","oped","opinion",-0.3,0.0,0.27,-0.01,888
"2020-02-27","Buttigieg","oped","opinion",0.0,0.0,-0.33,-0.11,735
"2020-02-28","Biden","culture","other",0.0,-0.48,0.0,-0.16,1650
"2020-02-27","Buttigieg","oped","opinion",0.0,0.0,-0.33,-0.11,735
"2020-02-29","Biden","oped","opinion",0.59,0.54,-0.13,0.33,1031
"2020-02-29","Bloomberg","politics","politics",-0.62,-0.3,-0.2,-0.37,1127
"2020-02-29","Bloomberg","politics","politics",0.0,0.0,0.64,0.21,412
"2020-03-01","Biden","politics","politics",0.0,0.75,0.44,0.4,1712
"2020-03-01","Buttigieg","politics","politics",0.4,-0.15,0.7,0.32,1325
"2020-02-29","Biden","politics","politics",0.0,0.91,-0.3,0.21,1657
"2020-02-29","Sanders","politics","politics",0.08,-0.32,-0.66,-0.3,2690
