"Date","Candidates","NewsDesk","Category","SentScore(headline)","SentScore(abstract)","SentScore(lead)","SentScore(Avg)"
"2019-06-01","Warren","national","politics",0.0,0.49,0.48,0.32
"2019-06-02","Sanders","oped","opinion",0.0,-0.42,0.13,-0.1
"2019-06-02","Warren","society","other",0.0,0.0,0.53,0.18
"2019-06-02","Sanders","politics","politics",0.0,0.0,0.6,0.2
"2019-06-03","Warren","business","business",0.0,0.27,-0.53,-0.08
"2019-06-03","Buttigieg","politics","politics",0.49,0.0,0.1,0.2
"2019-06-03","Biden","politics","politics",0.0,0.53,-0.18,0.12
"2019-06-03","Biden","","other",-0.72,-0.77,-0.77,-0.75
"2019-06-05","Warren","politics","politics",-0.59,0.1,0.9,0.14
"2019-06-04","Warren","politics","politics",0.27,0.0,0.57,0.28
"2019-06-04","Biden","bookreview","other",0.0,0.0,0.76,0.25
"2019-06-05","Biden","climate","other",0.0,0.15,0.46,0.2
"2019-06-05","Biden","politics","politics",-0.05,-0.56,-0.92,-0.51
"2019-06-05","Warren","oped","opinion",0.08,-0.25,0.96,0.26
"2019-06-05","Warren","u.s.","politics",0.0,0.0,0.0,0.0
"2019-06-03","Warren","business","business",0.0,0.27,-0.53,-0.08
"2019-06-03","Buttigieg","politics","politics",0.49,0.0,0.1,0.2
"2019-06-03","Biden","politics","politics",0.0,0.53,-0.18,0.12
"2019-06-03","Biden","","other",-0.72,-0.77,-0.77,-0.75
"2019-06-05","Warren","politics","politics",-0.59,0.1,0.9,0.14
"2019-06-05","Biden","climate","other",0.0,0.15,0.46,0.2
"2019-06-05","Biden","politics","politics",-0.05,-0.56,-0.92,-0.51
"2019-06-06","Biden","politics","politics",0.0,0.08,0.18,0.09
"2019-06-05","Warren","oped","opinion",0.08,-0.25,0.96,0.26
"2019-06-05","Warren","u.s.","politics",0.0,0.0,0.0,0.0
"2019-06-07","Biden","politics","politics",0.0,-0.05,0.44,0.13
"2019-06-06","Biden","politics","politics",0.0,0.4,0.46,0.29
"2019-06-07","Biden","politics","politics",-0.44,0.32,-0.05,-0.06
"2019-06-07","Biden","politics","politics",0.0,0.0,0.0,0.0
"2019-06-06","Buttigieg","oped","opinion",0.13,0.38,0.55,0.35
"2019-06-07","Bloomberg","climate","other",0.65,0.78,0.78,0.74
"2019-06-07","Biden","politics","politics",0.0,-0.05,0.44,0.13
"2019-06-07","Biden","politics","politics",-0.44,0.32,-0.05,-0.06
"2019-06-07","Biden","politics","politics",0.0,0.0,0.0,0.0
"2019-06-08","Biden","politics","politics",-0.08,0.51,0.4,0.28
"2019-06-07","Bloomberg","climate","other",0.65,0.78,0.78,0.74
"2019-06-11","Buttigieg","politics","politics",0.0,-0.08,0.38,0.1
"2019-06-11","Biden","nytnow","other",0.0,0.0,0.0,0.0
"2019-06-11","Biden","politics","politics",0.0,-0.68,0.3,-0.13
"2019-06-10","Warren","politics","politics",0.0,0.55,0.2,0.25
"2019-06-10","Biden","washington","politics",0.4,0.34,0.75,0.5
"2019-06-11","Warren","nytnow","other",0.0,0.0,0.0,0.0
"2019-06-10","Warren","","other",0.0,0.0,0.0,0.0
"2019-06-11","Buttigieg","politics","politics",0.0,-0.08,0.38,0.1
"2019-06-11","Biden","nytnow","other",0.0,0.0,0.0,0.0
"2019-06-12","Sanders","politics","politics",-0.46,0.0,0.13,-0.11
"2019-06-11","Biden","politics","politics",0.0,-0.68,0.3,-0.13
"2019-06-12","Biden","letters","other",0.0,-0.49,0.0,-0.16
"2019-06-12","Biden","","other",-0.42,0.0,0.0,-0.14
"2019-06-12","Biden","culture","other",-0.13,-0.32,0.95,0.17
"2019-06-12","Biden","politics","politics",0.0,-0.75,0.44,-0.1
"2019-06-13","Sanders","","other",0.0,0.0,0.0,0.0
"2019-06-13","Sanders","washington","politics",0.0,0.0,0.0,0.0
"2019-06-13","Sanders","","other",0.0,0.0,0.0,0.0
"2019-06-13","Biden","politics","politics",0.0,0.4,-0.28,0.04
"2019-06-11","Warren","nytnow","other",0.0,0.0,0.0,0.0
"2019-06-13","Biden","politics","politics",0.0,0.4,-0.28,0.04
"2019-06-14","Sanders","business","business",0.51,0.42,0.32,0.42
"2019-06-13","Warren","oped","opinion",0.0,0.27,0.74,0.34
"2019-06-13","Biden","politics","politics",0.0,0.53,0.84,0.46
"2019-06-13","Warren","oped","opinion",0.0,0.27,0.74,0.34
"2019-06-17","Biden","politics","politics",-0.36,0.51,0.46,0.2
"2019-06-15","Sanders","politics","politics",0.0,0.0,0.0,0.0
"2019-06-17","Biden","business","business",0.42,0.4,0.44,0.42
"2019-06-17","Sanders","oped","opinion",0.0,0.0,0.24,0.08
"2019-06-17","Warren","magazine","other",-0.15,0.0,0.62,0.16
"2019-06-18","Buttigieg","oped","opinion",0.0,0.0,0.78,0.26
"2019-06-19","Warren","u.s.","politics",0.0,-0.57,-0.57,-0.38
"2019-06-18","Biden","politics","politics",0.0,0.0,0.0,0.0
"2019-06-18","Biden","politics","politics",-0.38,0.87,0.0,0.16
"2019-06-18","Biden","politics","politics",-0.38,0.87,0.0,0.16
"2019-06-18","Biden","politics","politics",0.0,0.0,0.0,0.0
"2019-06-19","Buttigieg","u.s.","politics",0.0,-0.57,-0.57,-0.38
"2019-06-19","Sanders","u.s.","politics",0.0,-0.57,-0.57,-0.38
"2019-06-19","Buttigieg","politics","politics",-0.77,-0.7,-0.85,-0.77
"2019-06-19","Biden","politics","politics",0.0,0.44,-0.23,0.07
"2019-06-18","Sanders","oped","opinion",-0.37,0.32,0.0,-0.02
"2019-06-19","Buttigieg","politics","politics",-0.77,-0.7,-0.85,-0.77
"2019-06-19","Biden","politics","politics",0.0,0.44,-0.23,0.07
"2019-06-18","Sanders","oped","opinion",-0.37,0.32,0.0,-0.02
"2019-06-18","Sanders","oped","opinion",-0.37,0.32,0.0,-0.02
"2019-06-17","Sanders","oped","opinion",0.0,0.0,0.24,0.08
"2019-06-18","Buttigieg","politics","politics",-0.66,-0.23,-0.67,-0.52
"2019-06-18","Buttigieg","politics","politics",0.0,-0.67,0.3,-0.12
"2019-06-17","Biden","business","business",0.42,0.4,0.44,0.42
"2019-06-17","Warren","magazine","other",-0.15,0.0,0.62,0.16
"2019-06-20","Biden","politics","politics",0.15,-0.2,0.13,0.03
"2019-06-21","Buttigieg","politics","politics",-0.54,-0.25,0.18,-0.2
"2019-06-20","Biden","politics","politics",0.15,-0.2,0.13,0.03
"2019-06-19","Buttigieg","politics","politics",-0.77,-0.7,-0.85,-0.77
"2019-06-19","Biden","politics","politics",0.0,0.44,-0.23,0.07
"2019-06-19","Buttigieg","politics","politics",-0.77,-0.7,-0.85,-0.77
"2019-06-19","Biden","politics","politics",0.0,0.44,-0.23,0.07
"2019-06-20","Biden","newsdesk","other",0.0,0.0,0.0,0.0
"2019-06-20","Biden","politics","politics",-0.03,0.46,-0.6,-0.06
"2019-06-20","Biden","politics","politics",-0.03,0.46,-0.6,-0.06
"2019-06-19","Sanders","u.s.","politics",0.0,-0.57,-0.57,-0.38
"2019-06-19","Sanders","u.s.","politics",0.0,-0.57,-0.57,-0.38
"2019-06-21","Sanders","investigative","other",-0.36,0.7,0.0,0.11
"2019-06-20","Biden","politics","politics",-0.44,0.44,-0.72,-0.24
"2019-06-21","Sanders","investigative","other",-0.36,0.7,0.0,0.11
"2019-06-21","Biden","politics","politics",0.0,0.0,0.0,0.0
"2019-06-23","Buttigieg","politics","politics",-0.56,-0.7,0.65,-0.2
"2019-06-22","Biden","oped","opinion",0.0,-0.18,0.86,0.23
"2019-06-21","Buttigieg","politics","politics",-0.54,-0.25,0.18,-0.2
"2019-06-21","Buttigieg","politics","politics",-0.54,-0.25,0.18,-0.2
"2019-06-22","Biden","oped","opinion",0.0,-0.18,0.86,0.23
"2019-06-22","Biden","oped","opinion",-0.44,-0.05,0.15,-0.11
"2019-06-22","Biden","oped","opinion",-0.44,-0.05,0.15,-0.11
"2019-06-22","Biden","oped","opinion",-0.44,-0.05,0.15,-0.11
"2019-06-22","Biden","politics","politics",-0.44,-0.48,-0.53,-0.48
"2019-06-21","Biden","politics","politics",0.0,0.0,0.0,0.0
"2019-06-24","Sanders","washington","politics",-0.36,-0.54,0.57,-0.11
"2019-06-24","Sanders","washington","politics",-0.36,-0.54,0.57,-0.11
"2019-06-25","Buttigieg","upshot","opinion",0.0,0.0,0.13,0.04
"2019-06-24","Warren","national","politics",-0.38,0.0,0.48,0.03
"2019-06-24","Warren","oped","opinion",-0.48,0.77,-0.76,-0.16
"2019-06-24","Warren","national","politics",-0.38,0.0,0.48,0.03
"2019-06-25","Warren","politics","politics",0.0,0.0,0.76,0.25
"2019-06-25","Biden","investigative","other",0.0,-0.36,-0.65,-0.34
"2019-06-25","Biden","investigative","other",0.0,-0.36,-0.65,-0.34
"2019-06-25","Sanders","washington","politics",0.23,0.0,0.54,0.26
"2019-06-25","Sanders","styles","other",0.0,0.32,0.6,0.31
"2019-06-25","Buttigieg","upshot","opinion",0.0,0.0,0.13,0.04
"2019-06-26","Warren","oped","opinion",-0.48,0.59,-0.38,-0.09
"2019-06-26","Warren","oped","opinion",-0.48,0.59,-0.38,-0.09
"2019-06-27","Warren","politics","politics",0.0,0.15,0.51,0.22
"2019-06-27","Warren","politics","politics",0.0,0.15,0.51,0.22
"2019-06-26","Biden","magazine","other",-0.6,0.36,0.4,0.05
"2019-06-25","Warren","politics","politics",0.0,0.0,0.76,0.25
"2019-06-27","Buttigieg","politics","politics",0.0,-0.34,0.0,-0.11
"2019-06-27","Buttigieg","politics","politics",0.0,-0.34,0.0,-0.11
"2019-06-25","Sanders","washington","politics",0.23,0.0,0.54,0.26
"2019-06-28","Biden","politics","politics",-0.54,-0.53,-0.61,-0.56
"2019-06-28","Biden","politics","politics",0.0,-0.36,-0.36,-0.24
"2019-06-28","Buttigieg","politics","politics",0.0,0.0,-0.9,-0.3
"2019-06-28","Biden","politics","politics",-0.54,-0.53,-0.61,-0.56
"2019-06-28","Biden","","other",0.0,-0.1,-0.1,-0.07
"2019-06-28","Biden","politics","politics",0.0,0.59,0.85,0.48
"2019-06-28","Biden","politics","politics",0.0,0.59,0.85,0.48
"2019-06-27","Warren","politics","politics",0.0,0.15,0.51,0.22
"2019-06-29","Biden","investigative","other",0.0,-0.81,0.82,0.0
"2019-06-27","Warren","oped","opinion",0.0,0.8,0.4,0.4
"2019-06-28","Biden","culture","other",0.0,-0.15,0.95,0.27
"2019-06-29","Biden","summary","other",0.0,0.0,0.36,0.12
"2019-06-27","Buttigieg","politics","politics",0.0,-0.34,0.0,-0.11
"2019-06-28","Biden","politics","politics",-0.48,-0.59,0.1,-0.32
"2019-06-28","Biden","politics","politics",0.0,0.0,-0.22,-0.07
"2019-06-28","Biden","","other",-0.34,-0.1,-0.1,-0.18
"2019-06-27","Buttigieg","politics","politics",0.0,-0.34,0.0,-0.11
"2019-06-28","Biden","","other",-0.34,-0.1,-0.1,-0.18
"2019-06-28","Biden","politics","politics",0.0,0.0,-0.4,-0.13
"2019-06-28","Biden","politics","politics",-0.48,-0.59,0.1,-0.32
"2019-06-28","Biden","politics","politics",0.0,0.0,-0.22,-0.07
"2019-06-28","Biden","","other",-0.34,-0.1,-0.1,-0.18
"2019-06-28","Buttigieg","oped","opinion",0.25,0.0,0.0,0.08
"2019-06-29","Biden","investigative","other",0.0,-0.81,0.82,0.0
"2019-06-29","Biden","investigative","other",0.0,-0.81,0.82,0.0
"2019-06-29","Biden","summary","other",0.0,0.0,0.36,0.12
"2019-07-02","Biden","oped","opinion",0.0,-0.06,0.23,0.06
"2019-07-02","Buttigieg","politics","politics",-0.36,-0.4,-0.51,-0.42
"2019-07-02","Buttigieg","politics","politics",-0.36,-0.4,-0.51,-0.42
"2019-07-02","Biden","oped","opinion",0.0,-0.06,0.23,0.06
"2019-07-02","Warren","science","other",0.0,0.0,-0.05,-0.02
"2019-07-02","Buttigieg","politics","politics",-0.36,-0.4,-0.51,-0.42
"2019-07-02","Buttigieg","politics","politics",0.0,0.0,0.44,0.15
"2019-07-02","Buttigieg","politics","politics",0.0,0.0,0.44,0.15
"2019-07-03","Biden","","other",-0.64,0.66,0.66,0.22
"2019-07-03","Buttigieg","politics","politics",0.0,0.48,0.36,0.28
"2019-07-03","Biden","podcasts","other",0.0,0.3,0.0,0.1
"2019-07-03","Buttigieg","politics","politics",0.0,0.48,0.36,0.28
"2019-07-03","Biden","podcasts","other",0.0,0.3,0.0,0.1
"2019-07-01","Biden","oped","opinion",-0.23,0.54,0.0,0.11
"2019-07-03","Biden","politics","politics",0.0,0.0,0.0,0.0
"2019-07-03","Biden","politics","politics",0.0,0.0,0.0,0.0
"2019-07-03","Biden","oped","opinion",-0.64,0.0,0.0,-0.21
"2019-07-03","Buttigieg","politics","politics",0.0,0.48,0.36,0.28
"2019-07-03","Biden","podcasts","other",0.0,0.3,0.0,0.1
"2019-07-04","Biden","politics","politics",-0.38,0.0,-0.53,-0.3
"2019-07-04","Biden","politics","politics",-0.38,0.0,-0.53,-0.3
"2019-07-03","Biden","","other",0.0,0.3,0.3,0.2
"2019-07-03","Biden","","other",0.0,0.3,0.3,0.2
"2019-07-07","Warren","politics","politics",0.15,0.38,0.44,0.33
"2019-07-06","Buttigieg","politics","politics",0.0,0.0,0.0,0.0
"2019-07-06","Buttigieg","politics","politics",0.0,0.0,0.0,0.0
"2019-07-07","Biden","oped","opinion",0.0,0.32,-0.35,-0.01
"2019-07-07","Biden","oped","opinion",0.0,0.32,-0.35,-0.01
"2019-07-06","Biden","politics","politics",0.03,0.32,0.36,0.23
"2019-07-06","Warren","politics","politics",0.0,0.71,0.0,0.24
"2019-07-06","Sanders","investigative","other",0.0,-0.21,0.6,0.13
"2019-07-09","Biden","oped","opinion",0.0,0.44,0.0,0.15
"2019-07-09","Biden","politics","politics",0.0,0.0,0.52,0.17
"2019-07-09","Biden","politics","politics",0.0,0.0,0.52,0.17
"2019-07-07","Biden","oped","opinion",0.0,0.32,-0.35,-0.01
"2019-07-09","Biden","oped","opinion",0.0,0.44,0.0,0.15
"2019-07-11","Biden","politics","politics",0.0,0.0,0.0,0.0
"2019-07-09","Biden","politics","politics",0.0,0.0,0.52,0.17
"2019-07-09","Biden","politics","politics",0.0,0.0,0.52,0.17
"2019-07-11","Warren","politics","politics",-0.56,0.0,-0.3,-0.28
"2019-07-11","Biden","politics","politics",0.0,0.0,0.0,0.0
"2019-07-13","Sanders","oped","opinion",0.0,0.0,0.51,0.17
"2019-07-12","Sanders","politics","politics",0.0,-0.15,-0.77,-0.31
"2019-07-12","Sanders","politics","politics",0.0,-0.15,-0.77,-0.31
"2019-07-12","Sanders","politics","politics",0.0,-0.15,-0.77,-0.31
"2019-07-13","Sanders","oped","opinion",0.0,0.0,0.51,0.17
"2019-07-14","Biden","politics","politics",0.0,-0.44,-0.4,-0.28
"2019-07-13","Sanders","oped","opinion",0.0,0.0,0.51,0.17
"2019-07-15","Biden","politics","politics",0.49,0.62,0.08,0.4
"2019-07-15","Biden","express","other",0.0,0.2,-0.08,0.04
"2019-07-15","Biden","politics","politics",0.49,0.62,0.08,0.4
"2019-07-14","Buttigieg","politics","politics",0.0,0.0,0.61,0.2
"2019-07-14","Buttigieg","politics","politics",0.0,0.0,0.61,0.2
"2019-07-15","Biden","politics","politics",0.0,-0.23,-0.13,-0.12
"2019-07-17","Sanders","politics","politics",0.13,0.57,0.51,0.4
"2019-07-17","Sanders","politics","politics",0.13,0.57,0.51,0.4
"2019-07-16","Buttigieg","politics","politics",-0.32,0.68,0.49,0.29
"2019-07-15","Biden","politics","politics",0.49,0.62,0.08,0.4
"2019-07-15","Biden","politics","politics",0.0,-0.23,-0.13,-0.12
"2019-07-17","Sanders","politics","politics",0.13,0.57,0.51,0.4
"2019-07-18","Buttigieg","magazine","other",0.0,0.0,0.3,0.1
"2019-07-19","Biden","politics","politics",0.0,0.0,0.44,0.15
"2019-07-19","Biden","politics","politics",0.0,0.0,0.44,0.15
"2019-07-19","Biden","politics","politics",0.0,0.0,0.44,0.15
"2019-07-19","Biden","politics","politics",0.0,0.0,0.44,0.15
"2019-07-23","Biden","politics","politics",-0.54,-0.48,0.27,-0.25
"2019-07-23","Biden","politics","politics",-0.54,-0.48,0.27,-0.25
"2019-07-22","Biden","national","politics",0.0,0.0,0.44,0.15
"2019-07-23","Biden","politics","politics",-0.54,-0.48,0.27,-0.25
"2019-07-23","Biden","politics","politics",-0.54,-0.48,0.27,-0.25
"2019-07-23","Biden","politics","politics",0.0,0.19,0.0,0.06
"2019-07-23","Warren","u.s.","politics",0.0,0.0,0.0,0.0
"2019-07-23","Warren","u.s.","politics",0.0,0.0,0.0,0.0
"2019-07-25","Warren","culture","other",-0.23,-0.44,-0.2,-0.29
"2019-07-26","Warren","summary","other",-0.23,0.0,0.0,-0.08
"2019-07-26","Warren","politics","politics",0.0,0.0,0.2,0.07
"2019-07-26","Warren","politics","politics",0.0,0.0,0.2,0.07
"2019-07-25","Warren","culture","other",-0.23,-0.44,-0.2,-0.29
"2019-07-28","Sanders","politics","politics",0.0,-0.4,-0.57,-0.32
"2019-07-28","Sanders","politics","politics",0.0,-0.4,-0.57,-0.32
"2019-07-29","Biden","politics","politics",-0.42,-0.05,0.48,0.0
"2019-07-27","Biden","politics","politics",-0.38,0.0,0.0,-0.13
"2019-07-31","Sanders","politics","politics",-0.64,0.38,0.27,0.01
"2019-07-31","Biden","oped","opinion",0.57,-0.38,0.96,0.38
"2019-07-31","Warren","politics","politics",0.2,-0.42,-0.62,-0.28
"2019-07-31","Warren","politics","politics",0.49,0.72,0.5,0.57
"2019-07-31","Warren","politics","politics",0.2,-0.42,-0.62,-0.28
"2019-07-31","Warren","politics","politics",-0.38,-0.62,-0.62,-0.54
"2019-07-29","Biden","politics","politics",-0.42,-0.05,0.48,0.0
"2019-07-31","Biden","politics","politics",0.44,0.0,-0.4,0.01
"2019-07-31","Buttigieg","politics","politics",-0.76,-0.8,-0.8,-0.78
"2019-07-31","Biden","politics","politics",0.0,-0.46,-0.56,-0.34
"2019-07-31","Sanders","politics","politics",-0.64,0.38,0.27,0.01
"2019-07-31","Biden","oped","opinion",0.57,-0.38,0.96,0.38
"2019-08-01","Biden","u.s.","politics",0.0,0.0,0.0,0.0
"2019-08-01","Biden","politics","politics",0.0,0.69,0.49,0.39
"2019-08-01","Biden","politics","politics",-0.67,0.34,-0.54,-0.29
"2019-08-01","Biden","politics","politics",0.2,0.0,-0.53,-0.11
"2019-08-01","Biden","politics","politics",0.08,0.0,-0.25,-0.06
"2019-07-31","Warren","politics","politics",0.49,0.72,0.5,0.57
"2019-07-31","Warren","politics","politics",0.2,-0.42,-0.62,-0.28
"2019-07-31","Biden","","other",0.51,0.0,0.0,0.17
"2019-07-31","Sanders","politics","politics",-0.38,0.51,0.71,0.28
"2019-07-31","Sanders","politics","politics",-0.38,0.51,0.71,0.28
"2019-07-31","Biden","politics","politics",0.44,0.0,-0.4,0.01
"2019-08-01","Biden","politics","politics",0.44,0.0,0.0,0.15
"2019-08-01","Biden","politics","politics",0.18,0.89,0.81,0.63
"2019-07-31","Buttigieg","politics","politics",-0.76,-0.8,-0.8,-0.78
"2019-07-31","Biden","politics","politics",0.0,-0.46,-0.56,-0.34
"2019-08-01","Biden","politics","politics",-0.18,0.15,-0.36,-0.13
"2019-08-01","Biden","u.s.","politics",0.0,0.0,0.0,0.0
"2019-08-01","Biden","politics","politics",0.0,0.69,0.49,0.39
"2019-08-01","Biden","politics","politics",0.08,0.0,-0.25,-0.06
"2019-08-01","Biden","politics","politics",-0.67,0.34,-0.54,-0.29
"2019-08-01","Biden","politics","politics",0.2,0.0,-0.53,-0.11
"2019-08-01","Biden","politics","politics",-0.67,0.34,-0.54,-0.29
"2019-08-01","Biden","u.s.","politics",0.0,0.0,0.0,0.0
"2019-08-01","Biden","letters","other",0.0,0.0,0.0,0.0
"2019-08-02","Buttigieg","letters","other",0.36,0.0,0.0,0.12
"2019-08-01","Biden","oped","opinion",0.0,0.13,0.82,0.32
"2019-08-01","Biden","oped","opinion",0.0,0.13,0.82,0.32
"2019-08-01","Biden","politics","politics",0.18,0.89,0.81,0.63
"2019-08-01","Biden","politics","politics",0.44,0.0,0.0,0.15
"2019-08-01","Biden","politics","politics",0.44,0.0,0.0,0.15
"2019-08-01","Biden","politics","politics",0.18,0.89,0.81,0.63
"2019-08-02","Biden","nytnow","other",0.0,0.0,0.0,0.0
"2019-08-01","Biden","oped","opinion",-0.51,0.0,0.0,-0.17
"2019-08-07","Biden","politics","politics",-0.47,-0.76,-0.84,-0.69
"2019-08-07","Biden","politics","politics",-0.47,-0.76,-0.84,-0.69
"2019-08-08","Warren","politics","politics",0.13,-0.76,0.72,0.03
"2019-08-08","Warren","politics","politics",0.13,-0.76,0.72,0.03
"2019-08-09","Biden","politics","politics",0.0,0.76,0.8,0.52
"2019-08-09","Biden","politics","politics",0.44,0.0,0.76,0.4
"2019-08-09","Biden","politics","politics",0.0,0.76,0.8,0.52
"2019-08-09","Biden","politics","politics",0.44,0.0,0.76,0.4
"2019-08-11","Biden","oped","opinion",-0.77,-0.56,-0.03,-0.45
"2019-08-09","Biden","politics","politics",0.0,0.76,0.8,0.52
"2019-08-09","Biden","politics","politics",0.44,0.0,0.76,0.4
"2019-08-12","Biden","politics","politics",-0.48,-0.15,0.84,0.07
"2019-08-11","Biden","oped","opinion",-0.77,-0.56,-0.03,-0.45
"2019-08-15","Warren","politics","politics",0.32,-0.64,0.51,0.06
"2019-08-16","Warren","politics","politics",0.0,0.4,0.65,0.35
"2019-08-16","Warren","politics","politics",0.0,0.4,0.65,0.35
"2019-08-16","Biden","investigative","other",0.0,0.03,0.0,0.01
"2019-08-16","Sanders","insider","other",0.3,0.67,0.0,0.32
"2019-08-15","Warren","politics","politics",0.32,-0.64,0.51,0.06
"2019-08-15","Warren","politics","politics",0.32,-0.64,0.51,0.06
"2019-08-18","Warren","business","business",0.0,-0.3,0.0,-0.1
"2019-08-19","Warren","politics","politics",0.36,0.57,0.05,0.33
"2019-08-19","Warren","politics","politics",0.36,0.57,0.05,0.33
"2019-08-21","Warren","business","business",0.25,0.0,0.25,0.17
"2019-08-21","Sanders","politics","politics",0.0,0.0,0.8,0.27
"2019-08-20","Biden","politics","politics",-0.36,0.4,-0.12,-0.02
"2019-08-20","Biden","politics","politics",-0.36,0.4,-0.12,-0.02
"2019-08-21","Warren","business","business",0.25,0.0,0.25,0.17
"2019-08-21","Sanders","politics","politics",0.0,0.0,0.8,0.27
"2019-08-22","Warren","letters","other",0.59,-0.75,0.0,-0.05
"2019-08-23","Biden","politics","politics",-0.6,-0.05,0.3,-0.12
"2019-08-25","Warren","politics","politics",0.0,-0.2,0.72,0.17
"2019-08-26","Sanders","politics","politics",0.0,0.88,0.76,0.55
"2019-08-26","Warren","politics","politics",0.18,0.0,0.46,0.21
"2019-08-26","Warren","politics","politics",0.0,0.78,0.49,0.42
"2019-08-28","Biden","politics","politics",0.2,0.0,0.27,0.16
"2019-08-29","Biden","politics","politics",0.48,0.36,0.9,0.58
"2019-08-29","Biden","politics","politics",0.48,0.36,0.9,0.58
"2019-08-30","Biden","politics","politics",-0.6,0.0,-0.6,-0.4
"2019-08-30","Biden","politics","politics",-0.6,0.0,-0.6,-0.4
"2019-08-30","Buttigieg","politics","politics",-0.62,0.0,-0.34,-0.32
"2019-09-03","Warren","politics","politics",0.0,0.34,0.32,0.22
"2019-09-02","Biden","politics","politics",0.08,0.82,-0.71,0.06
"2019-09-02","Warren","oped","opinion",0.27,0.0,0.58,0.29
"2019-09-02","Warren","oped","opinion",0.27,0.0,0.58,0.29
"2019-09-03","Warren","politics","politics",0.0,0.34,0.32,0.22
"2019-09-03","Warren","politics","politics",0.0,0.34,0.32,0.22
"2019-09-04","Biden","politics","politics",0.51,0.36,0.49,0.46
"2019-09-05","Sanders","politics","politics",-0.25,0.15,0.0,-0.03
"2019-09-05","Biden","politics","politics",0.0,-0.25,-0.2,-0.15
"2019-09-05","Warren","politics","politics",-0.38,0.15,-0.27,-0.17
"2019-09-05","Biden","politics","politics",0.03,0.15,0.65,0.28
"2019-09-05","Buttigieg","politics","politics",0.0,0.15,0.38,0.18
"2019-09-05","Sanders","books","other",0.49,0.0,0.0,0.16
"2019-09-05","Sanders","books","other",0.49,0.0,0.0,0.16
"2019-09-07","Biden","politics","politics",0.39,0.53,-0.55,0.12
"2019-09-05","Sanders","politics","politics",-0.25,0.15,0.0,-0.03
"2019-09-05","Biden","politics","politics",0.0,-0.25,-0.2,-0.15
"2019-09-05","Warren","politics","politics",-0.38,0.15,-0.27,-0.17
"2019-09-05","Sanders","politics","politics",-0.25,0.15,0.0,-0.03
"2019-09-06","Biden","politics","politics",-0.23,0.0,-0.59,-0.27
"2019-09-06","Biden","politics","politics",-0.23,0.0,-0.59,-0.27
"2019-09-05","Sanders","books","other",0.49,0.0,0.0,0.16
"2019-09-09","Sanders","politics","politics",0.25,0.49,0.71,0.48
"2019-09-09","Sanders","politics","politics",0.25,0.49,0.71,0.48
"2019-09-07","Biden","politics","politics",0.39,0.53,-0.55,0.12
"2019-09-07","Biden","politics","politics",0.39,0.53,-0.55,0.12
"2019-09-10","Bloomberg","metro","other",-0.05,-0.05,-0.6,-0.23
"2019-09-10","Warren","styles","other",0.0,0.0,0.0,0.0
"2019-09-09","Warren","politics","politics",0.0,0.36,0.0,0.12
"2019-09-09","Warren","politics","politics",0.0,0.36,0.0,0.12
"2019-09-10","Sanders","u.s.","politics",0.0,0.42,0.42,0.28
"2019-09-10","Warren","u.s.","politics",0.0,0.0,0.0,0.0
"2019-09-10","Warren","oped","opinion",0.0,0.2,0.81,0.34
"2019-09-10","Biden","u.s.","politics",0.0,0.08,0.08,0.05
"2019-09-10","Sanders","politics","politics",0.0,0.71,0.44,0.38
"2019-09-10","Sanders","politics","politics",0.0,0.71,0.44,0.38
"2019-09-10","Bloomberg","bookreview","other",0.64,0.15,0.0,0.26
"2019-09-10","Buttigieg","u.s.","politics",0.0,0.0,0.0,0.0
"2019-09-11","Sanders","magazine","other",0.61,-0.05,0.66,0.41
"2019-09-11","Sanders","magazine","other",0.61,-0.05,0.66,0.41
"2019-09-10","Biden","u.s.","politics",0.0,0.0,0.0,0.0
"2019-09-13","Biden","politics","politics",0.0,0.67,-0.18,0.16
"2019-09-13","Biden","politics","politics",0.0,0.67,-0.18,0.16
"2019-09-12","Warren","politics","politics",0.61,0.94,0.92,0.83
"2019-09-12","Warren","oped","opinion",0.62,-0.49,0.0,0.04
"2019-09-13","Biden","oped","opinion",0.0,0.0,-0.9,-0.3
"2019-09-13","Bloomberg","fashion & style","other",0.0,0.38,0.38,0.25
"2019-09-13","Buttigieg","politics","politics",-0.32,0.0,0.0,-0.11
"2019-09-13","Biden","politics","politics",0.0,-0.54,0.25,-0.1
"2019-09-11","Sanders","magazine","other",0.61,-0.05,0.66,0.41
"2019-09-13","Biden","politics","politics",-0.13,0.59,0.83,0.43
"2019-09-13","Biden","politics","politics",-0.13,0.59,0.83,0.43
"2019-09-11","Sanders","magazine","other",0.61,-0.05,0.66,0.41
"2019-09-13","Biden","politics","politics",0.0,-0.54,0.25,-0.1
"2019-09-15","Biden","politics","politics",0.0,0.68,-0.75,-0.02
"2019-09-13","Biden","oped","opinion",0.0,0.0,-0.9,-0.3
"2019-09-14","Sanders","politics","politics",0.0,0.49,-0.1,0.13
"2019-09-14","Sanders","politics","politics",0.0,0.49,-0.1,0.13
"2019-09-13","Buttigieg","politics","politics",-0.32,0.0,0.0,-0.11
"2019-09-13","Buttigieg","politics","politics",-0.32,0.0,0.0,-0.11
"2019-09-13","Biden","politics","politics",0.0,-0.54,0.25,-0.1
"2019-09-13","Biden","politics","politics",-0.13,0.59,0.83,0.43
"2019-09-15","Biden","politics","politics",0.0,0.68,-0.75,-0.02
"2019-09-16","Warren","politics","politics",0.38,0.0,-0.67,-0.1
"2019-09-16","Warren","politics","politics",0.38,0.0,-0.67,-0.1
"2019-09-17","Buttigieg","oped","opinion",0.0,0.4,0.0,0.13
"2019-09-15","Sanders","politics","politics",0.0,0.57,0.57,0.38
"2019-09-17","Warren","politics","politics",0.23,0.36,-0.32,0.09
"2019-09-17","Warren","politics","politics",0.23,0.36,-0.32,0.09
"2019-09-15","Sanders","politics","politics",0.0,0.57,0.57,0.38
"2019-09-16","Biden","oped","opinion",-0.44,0.51,0.42,0.16
"2019-09-19","Sanders","upshot","opinion",0.53,0.65,0.0,0.39
"2019-09-19","Biden","letters","other",0.0,0.0,0.0,0.0
"2019-09-19","Biden","letters","other",0.0,0.0,0.0,0.0
"2019-09-18","Biden","","other",0.0,-0.59,-0.59,-0.4
"2019-09-18","Biden","","other",0.0,-0.59,-0.59,-0.4
"2019-09-18","Warren","oped","opinion",-0.49,0.65,0.03,0.06
"2019-09-17","Buttigieg","oped","opinion",0.0,0.4,0.0,0.13
"2019-09-18","Biden","politics","politics",0.44,0.61,0.15,0.4
"2019-09-19","Biden","oped","opinion",0.0,-0.49,0.0,-0.16
"2019-09-19","Warren","oped","opinion",-0.4,0.0,0.0,-0.13
"2019-09-19","Sanders","upshot","opinion",0.53,0.65,0.0,0.39
"2019-09-21","Sanders","politics","politics",-0.36,-0.48,0.36,-0.16
"2019-09-21","Sanders","politics","politics",-0.36,-0.48,0.36,-0.16
"2019-09-20","Warren","podcasts","other",0.0,0.32,0.0,0.11
"2019-09-19","Sanders","upshot","opinion",0.53,0.65,0.0,0.39
"2019-09-21","Sanders","politics","politics",-0.36,-0.48,0.36,-0.16
"2019-09-20","Warren","podcasts","other",0.0,0.32,0.0,0.11
"2019-09-20","Sanders","politics","politics",0.0,0.69,0.0,0.23
"2019-09-20","Sanders","politics","politics",0.0,0.69,0.0,0.23
"2019-09-20","Biden","politics","politics",-0.34,0.0,0.0,-0.11
"2019-09-19","Warren","oped","opinion",0.0,0.0,-0.03,-0.01
"2019-09-19","Warren","oped","opinion",0.0,0.0,-0.03,-0.01
"2019-09-19","Warren","oped","opinion",0.0,0.0,-0.03,-0.01
"2019-09-19","Biden","summary","other",0.42,0.0,0.25,0.22
"2019-09-19","Warren","oped","opinion",-0.4,0.0,0.0,-0.13
"2019-09-20","Biden","washington","politics",0.0,-0.42,0.0,-0.14
"2019-09-20","Biden","politics","politics",0.0,0.2,-0.8,-0.2
"2019-09-23","Biden","","other",0.0,-0.48,-0.48,-0.32
"2019-09-23","Biden","washington","politics",-0.32,0.13,0.0,-0.06
"2019-09-21","Warren","politics","politics",0.0,0.0,-0.3,-0.1
"2019-09-23","Biden","letters","other",0.0,0.0,0.0,0.0
"2019-09-21","Biden","oped","opinion",0.0,-0.25,0.68,0.14
"2019-09-22","Biden","washington","politics",0.0,0.0,-0.23,-0.08
"2019-09-23","Biden","podcasts","other",0.0,-0.48,0.0,-0.16
"2019-09-21","Biden","washington","politics",-0.3,-0.23,-0.23,-0.25
"2019-09-21","Warren","politics","politics",0.5,-0.38,0.01,0.04
"2019-09-21","Biden","washington","politics",-0.3,-0.23,-0.23,-0.25
"2019-09-23","Biden","","other",0.0,-0.48,-0.48,-0.32
"2019-09-23","Biden","","other",0.0,-0.48,-0.48,-0.32
"2019-09-23","Biden","washington","politics",-0.32,0.13,0.0,-0.06
"2019-09-23","Biden","podcasts","other",0.0,-0.48,0.0,-0.16
"2019-09-25","Biden","politics","politics",0.0,-0.46,0.0,-0.15
"2019-09-27","Biden","politics","politics",-0.44,-0.32,-0.48,-0.41
"2019-09-26","Biden","u.s.","politics",0.0,-0.23,-0.23,-0.15
"2019-09-26","Biden","u.s.","politics",0.0,-0.23,-0.23,-0.15
"2019-09-26","Biden","politics","politics",0.44,0.76,0.86,0.68
"2019-09-26","Biden","politics","politics",0.44,0.76,0.86,0.68
"2019-09-26","Biden","politics","politics",0.44,0.76,0.86,0.68
"2019-09-25","Biden","politics","politics",0.0,-0.46,0.0,-0.15
"2019-09-27","Warren","sundaybusiness","business",0.44,0.49,0.38,0.44
"2019-09-27","Biden","politics","politics",-0.44,-0.32,-0.48,-0.41
"2019-09-27","Biden","politics","politics",-0.44,-0.32,-0.48,-0.41
"2019-09-29","Biden","politics","politics",-0.3,0.0,-0.23,-0.17
"2019-09-27","Warren","sundaybusiness","business",0.44,0.49,0.38,0.44
"2019-09-30","Biden","politics","politics",-0.34,0.0,-0.46,-0.27
"2019-10-01","Biden","oped","opinion",-0.42,-0.32,-0.08,-0.27
"2019-09-29","Biden","politics","politics",-0.3,0.0,-0.23,-0.17
"2019-09-30","Warren","oped","opinion",-0.2,-0.57,0.34,-0.14
"2019-09-30","Sanders","politics","politics",-0.1,0.0,-0.2,-0.1
"2019-10-03","Buttigieg","politics","politics",0.0,0.42,0.36,0.26
"2019-10-01","Biden","oped","opinion",-0.42,-0.32,-0.08,-0.27
"2019-10-03","Biden","washington","politics",0.0,0.0,0.66,0.22
"2019-10-02","Warren","national","politics",-0.44,-0.3,0.44,-0.1
"2019-10-01","Sanders","politics","politics",0.0,0.49,0.49,0.33
"2019-10-01","Warren","upshot","opinion",-0.15,0.57,0.76,0.39
"2019-10-01","Sanders","politics","politics",0.0,0.49,0.49,0.33
"2019-10-02","Warren","business","business",0.0,-0.32,0.44,0.04
"2019-10-03","Biden","washington","politics",0.0,0.87,0.0,0.29
"2019-10-03","Sanders","politics","politics",0.0,0.44,0.4,0.28
"2019-10-03","Biden","","other",0.0,0.69,0.69,0.46
"2019-10-03","Biden","washington","politics",0.0,0.87,0.0,0.29
"2019-10-03","Biden","washington","politics",0.3,0.27,0.44,0.34
"2019-10-03","Buttigieg","politics","politics",0.0,0.42,0.36,0.26
"2019-10-03","Biden","washington","politics",0.0,0.0,0.66,0.22
"2019-10-05","Sanders","politics","politics",-0.48,0.0,0.0,-0.16
"2019-10-05","Sanders","politics","politics",-0.48,0.0,0.0,-0.16
"2019-10-05","Biden","politics","politics",-0.27,-0.49,-0.62,-0.46
"2019-10-05","Biden","politics","politics",-0.27,-0.49,-0.62,-0.46
"2019-10-04","Sanders","politics","politics",0.0,-0.74,-0.38,-0.37
"2019-10-04","Biden","foreign","other",0.0,0.0,0.18,0.06
"2019-10-03","Biden","politics","politics",0.43,0.0,-0.56,-0.04
"2019-10-04","Biden","business","business",0.0,0.62,0.0,0.21
"2019-10-03","Biden","","other",0.0,0.69,0.69,0.46
"2019-10-03","Sanders","politics","politics",0.0,0.44,0.4,0.28
"2019-10-03","Biden","washington","politics",0.3,0.27,0.44,0.34
"2019-10-05","Sanders","politics","politics",-0.48,0.0,0.0,-0.16
"2019-10-05","Sanders","politics","politics",-0.48,0.0,0.0,-0.16
"2019-10-07","Sanders","letters","other",-0.48,-0.38,0.0,-0.29
"2019-10-07","Sanders","politics","politics",-0.48,0.0,-0.74,-0.41
"2019-10-07","Sanders","politics","politics",-0.48,0.0,-0.74,-0.41
"2019-10-08","Buttigieg","oped","opinion",-0.57,0.63,0.54,0.2
"2019-10-09","Biden","oped","opinion",-0.3,-0.3,0.7,0.04
"2019-10-07","Sanders","letters","other",-0.48,-0.38,0.0,-0.29
"2019-10-07","Sanders","letters","other",-0.48,-0.38,0.0,-0.29
"2019-10-09","Biden","politics","politics",0.0,0.38,-0.27,0.04
"2019-10-09","Biden","climate","other",0.08,-0.7,0.6,-0.01
"2019-10-08","Biden","culture","other",-0.34,0.59,0.95,0.4
"2019-10-08","Biden","culture","other",-0.34,0.59,0.95,0.4
"2019-10-09","Warren","politics","politics",0.0,0.64,0.51,0.38
"2019-10-08","Warren","politics","politics",-0.38,0.56,0.46,0.21
"2019-10-09","Warren","politics","politics",0.0,0.64,0.51,0.38
"2019-10-11","Warren","politics","politics",0.0,0.38,0.0,0.13
"2019-10-09","Biden","oped","opinion",-0.3,-0.3,0.7,0.04
"2019-10-10","Biden","politics","politics",0.0,-0.15,0.0,-0.05
"2019-10-09","Biden","politics","politics",0.0,0.42,-0.62,-0.07
"2019-10-10","Warren","politics","politics",0.0,-0.13,0.0,-0.04
"2019-10-09","Biden","politics","politics",0.0,0.42,-0.62,-0.07
"2019-10-10","Sanders","politics","politics",-0.48,0.0,-0.49,-0.32
"2019-10-10","Warren","politics","politics",0.0,-0.13,0.0,-0.04
"2019-10-10","Biden","politics","politics",0.0,-0.15,0.0,-0.05
"2019-10-11","Sanders","business","business",0.3,0.48,0.44,0.4
"2019-10-11","Biden","","other",0.0,-0.36,-0.36,-0.24
"2019-10-11","Sanders","business","business",0.3,0.48,0.44,0.4
"2019-10-09","Biden","climate","other",0.08,-0.7,0.6,-0.01
"2019-10-09","Biden","politics","politics",0.0,0.38,-0.27,0.04
"2019-10-10","Sanders","politics","politics",0.0,0.44,-0.32,0.04
"2019-10-10","Warren","oped","opinion",0.0,0.0,-0.44,-0.15
"2019-10-10","Warren","oped","opinion",0.0,0.0,-0.44,-0.15
"2019-10-11","Biden","washington","politics",-0.75,-0.18,-0.88,-0.6
"2019-10-12","Warren","business","business",0.0,-0.57,0.2,-0.12
"2019-10-12","Biden","politics","politics",0.0,0.0,0.0,0.0
"2019-10-13","Biden","express","other",-0.36,0.0,-0.46,-0.27
"2019-10-13","Biden","express","other",-0.36,0.0,-0.46,-0.27
"2019-10-14","Biden","politics","politics",0.0,0.0,-0.3,-0.1
"2019-10-14","Biden","politics","politics",0.0,0.0,-0.3,-0.1
"2019-10-14","Sanders","politics","politics",0.0,0.27,0.82,0.37
"2019-10-15","Biden","bookreview","other",0.0,0.0,0.0,0.0
"2019-10-15","Biden","politics","politics",-0.48,-0.15,-0.23,-0.29
"2019-10-14","Warren","politics","politics",-0.3,0.4,0.85,0.32
"2019-10-15","Biden","politics","politics",-0.48,-0.15,-0.23,-0.29
"2019-10-14","Warren","politics","politics",-0.3,0.4,0.85,0.32
"2019-10-14","Warren","politics","politics",-0.3,0.4,0.85,0.32
"2019-10-15","Biden","bookreview","other",0.0,0.0,0.0,0.0
"2019-10-17","Warren","oped","opinion",0.0,0.62,0.44,0.36
"2019-10-15","Biden","nytnow","other",0.0,0.0,0.0,0.0
"2019-10-15","Warren","oped","opinion",0.0,0.0,-0.69,-0.23
"2019-10-16","Biden","politics","politics",0.0,0.48,-0.22,0.09
"2019-10-15","Biden","nytnow","other",0.0,0.0,0.0,0.0
"2019-10-16","Biden","","other",0.37,0.27,0.27,0.31
"2019-10-16","Warren","","other",0.54,0.49,0.49,0.51
"2019-10-15","Warren","oped","opinion",0.0,0.0,-0.69,-0.23
"2019-10-16","Biden","politics","politics",0.0,0.48,-0.22,0.09
"2019-10-16","Warren","oped","opinion",0.03,-0.3,0.44,0.06
"2019-10-16","Warren","politics","politics",0.49,0.83,0.61,0.64
"2019-10-16","Buttigieg","politics","politics",-0.85,0.34,-0.93,-0.48
"2019-10-16","Biden","politics","politics",0.0,0.34,0.0,0.11
"2019-10-16","Buttigieg","politics","politics",-0.85,0.34,-0.93,-0.48
"2019-10-16","Warren","politics","politics",0.49,0.83,0.61,0.64
"2019-10-16","Warren","politics","politics",0.0,0.34,-0.32,0.01
"2019-10-15","Biden","foreign","other",0.0,-0.61,-0.3,-0.3
"2019-10-16","Warren","politics","politics",0.0,0.34,-0.32,0.01
"2019-10-17","Warren","oped","opinion",0.0,0.61,0.0,0.2
"2019-10-15","Biden","bookreview","other",0.0,0.0,0.0,0.0
"2019-10-17","Biden","politics","politics",0.0,0.0,0.0,0.0
"2019-10-16","Sanders","","other",0.0,0.77,0.77,0.51
"2019-10-15","Biden","politics","politics",-0.48,-0.15,-0.23,-0.29
"2019-10-16","Warren","oped","opinion",0.0,0.64,0.0,0.21
"2019-10-16","Warren","politics","politics",0.49,-0.1,0.34,0.24
"2019-10-16","Warren","","other",-0.44,0.0,0.0,-0.15
"2019-10-16","Warren","politics","politics",-0.44,0.2,0.73,0.16
"2019-10-17","Warren","","other",0.0,-0.27,-0.27,-0.18
"2019-10-18","Biden","washington","politics",-0.34,-0.45,0.0,-0.26
"2019-10-18","Buttigieg","politics","politics",-0.53,-0.81,-0.7,-0.68
"2019-10-18","Biden","washington","politics",-0.34,-0.45,0.0,-0.26
"2019-10-19","Sanders","politics","politics",0.56,0.13,0.15,0.28
"2019-10-19","Sanders","oped","opinion",0.6,0.0,0.15,0.25
"2019-10-17","Warren","oped","opinion",0.0,0.61,0.0,0.2
"2019-10-17","Warren","oped","opinion",0.0,0.61,0.0,0.2
"2019-10-20","Warren","politics","politics",0.0,0.05,0.15,0.07
"2019-10-21","Warren","politics","politics",0.38,0.0,0.13,0.17
"2019-10-21","Warren","oped","opinion",-0.15,0.49,0.27,0.2
"2019-10-23","Sanders","metro","other",0.0,0.0,0.0,0.0
"2019-10-23","Warren","oped","opinion",0.44,-0.44,-0.66,-0.22
"2019-10-23","Sanders","metro","other",0.0,0.0,0.0,0.0
"2019-10-23","Warren","oped","opinion",0.44,-0.44,-0.66,-0.22
"2019-10-23","Sanders","metro","other",0.0,0.0,0.0,0.0
"2019-10-23","Warren","letters","other",0.0,0.0,0.0,0.0
"2019-10-23","Warren","letters","other",0.0,0.0,0.0,0.0
"2019-10-23","Biden","politics","politics",0.0,-0.67,0.31,-0.12
"2019-10-23","Biden","politics","politics",0.0,-0.67,0.31,-0.12
"2019-10-21","Warren","oped","opinion",-0.15,0.49,0.27,0.2
"2019-10-25","Sanders","","other",0.44,0.89,0.89,0.74
"2019-10-24","Buttigieg","fashion & style","other",0.8,0.0,0.0,0.27
"2019-10-23","Warren","oped","opinion",0.44,-0.44,-0.66,-0.22
"2019-10-23","Sanders","metro","other",0.0,0.0,0.0,0.0
"2019-10-23","Warren","oped","opinion",0.44,-0.44,-0.66,-0.22
"2019-10-24","Buttigieg","fashion & style","other",0.8,0.0,0.0,0.27
"2019-10-25","Sanders","","other",0.44,0.89,0.89,0.74
"2019-10-23","Warren","letters","other",0.0,0.0,0.0,0.0
"2019-10-23","Warren","letters","other",0.0,0.0,0.0,0.0
"2019-10-24","Buttigieg","styles","other",0.86,0.4,0.8,0.69
"2019-10-23","Buttigieg","politics","politics",0.0,0.67,0.13,0.27
"2019-10-23","Buttigieg","politics","politics",0.0,0.67,0.13,0.27
"2019-10-24","Biden","politics","politics",0.77,0.66,0.9,0.78
"2019-10-25","Buttigieg","politics","politics",0.51,-0.1,0.46,0.29
"2019-10-26","Warren","oped","opinion",-0.4,0.48,0.78,0.29
"2019-10-25","Buttigieg","politics","politics",0.51,-0.1,0.46,0.29
"2019-10-25","Sanders","","other",0.44,0.89,0.89,0.74
"2019-10-25","Sanders","","other",0.44,0.89,0.89,0.74
"2019-10-27","Buttigieg","politics","politics",0.0,0.4,-0.36,0.01
"2019-10-25","Sanders","podcasts","other",0.44,0.89,0.0,0.44
"2019-10-27","Biden","politics","politics",0.0,-0.85,-0.65,-0.5
"2019-10-26","Biden","politics","politics",0.0,0.3,0.46,0.25
"2019-10-25","Sanders","podcasts","other",0.44,0.89,0.0,0.44
"2019-10-26","Biden","politics","politics",0.0,0.3,0.46,0.25
"2019-10-25","Sanders","politics","politics",0.53,0.0,0.0,0.18
"2019-10-25","Warren","letters","other",0.0,-0.38,0.0,-0.13
"2019-10-27","Biden","politics","politics",0.0,-0.85,-0.65,-0.5
"2019-10-29","Warren","politics","politics",0.0,0.0,0.46,0.15
"2019-10-27","Buttigieg","politics","politics",0.0,0.4,-0.36,0.01
"2019-10-28","Warren","politics","politics",0.0,-0.3,0.0,-0.1
"2019-10-27","Biden","politics","politics",0.0,-0.85,-0.65,-0.5
"2019-10-29","Biden","business","business",0.0,0.38,-0.64,-0.09
"2019-10-30","Warren","obits","other",-0.38,-0.65,-0.8,-0.61
"2019-10-31","Warren","politics","politics",0.03,0.0,0.4,0.14
"2019-11-03","Warren","politics","politics",0.0,-0.05,0.4,0.12
"2019-11-03","Warren","nytnow","other",0.0,0.2,0.0,0.07
"2019-11-02","Warren","business","business",0.32,0.56,0.46,0.44
"2019-11-01","Warren","politics","politics",0.0,-0.15,-0.8,-0.31
"2019-11-01","Warren","nytnow","other",0.0,0.0,0.0,0.0
"2019-11-02","Warren","politics","politics",-0.1,0.0,0.18,0.03
"2019-11-03","Warren","oped","opinion",0.0,0.53,0.64,0.39
"2019-11-01","Warren","upshot","opinion",0.0,0.72,0.88,0.53
"2019-11-01","Warren","nytnow","other",0.0,0.0,0.0,0.0
"2019-11-01","Warren","oped","opinion",0.0,-0.08,-0.5,-0.19
"2019-11-02","Warren","editorial","opinion",0.49,0.17,0.6,0.42
"2019-11-03","Warren","politics","politics",0.0,-0.05,0.4,0.12
"2019-11-03","Warren","nytnow","other",0.0,0.2,0.0,0.07
"2019-11-04","Warren","oped","opinion",0.0,0.83,-0.34,0.16
"2019-11-04","Buttigieg","politics","politics",0.4,0.3,0.4,0.37
"2019-11-04","Warren","politics","politics",0.0,-0.29,0.42,0.04
"2019-11-05","Warren","oped","opinion",0.65,-0.08,0.85,0.47
"2019-11-03","Warren","oped","opinion",0.0,0.53,0.64,0.39
"2019-11-05","Warren","oped","opinion",-0.48,-0.08,0.15,-0.13
"2019-11-04","Warren","letters","other",-0.1,0.76,0.0,0.22
"2019-11-04","Biden","nytnow","other",0.0,0.0,0.0,0.0
"2019-11-07","Buttigieg","oped","opinion",-0.81,-0.7,-0.79,-0.77
"2019-11-07","Warren","u.s.","politics",-0.1,0.53,0.53,0.32
"2019-11-05","Warren","oped","opinion",0.65,-0.08,0.85,0.47
"2019-11-05","Warren","oped","opinion",-0.48,-0.08,0.15,-0.13
"2019-11-07","Sanders","politics","politics",0.0,0.4,0.2,0.2
"2019-11-07","Warren","letters","other",-0.34,0.0,0.0,-0.11
"2019-11-07","Warren","","other",0.49,0.13,0.13,0.25
"2019-11-06","Warren","politics","politics",0.34,0.32,0.23,0.3
"2019-11-07","Bloomberg","politics","politics",0.32,0.0,0.32,0.21
"2019-11-07","Bloomberg","nytnow","other",0.0,0.0,0.0,0.0
"2019-11-07","Sanders","politics","politics",0.0,0.53,0.8,0.44
"2019-11-07","Warren","express","other",0.49,-0.1,-0.18,0.07
"2019-11-07","Buttigieg","oped","opinion",-0.81,-0.7,-0.79,-0.77
"2019-11-08","Bloomberg","letters","other",0.0,-0.47,0.0,-0.16
"2019-11-07","Warren","u.s.","politics",-0.1,0.53,0.53,0.32
"2019-11-09","Buttigieg","politics","politics",-0.42,0.57,0.0,0.05
"2019-11-08","Bloomberg","nytnow","other",0.0,0.0,0.0,0.0
"2019-11-07","Sanders","politics","politics",0.0,0.4,0.2,0.2
"2019-11-07","Warren","letters","other",-0.34,0.0,0.0,-0.11
"2019-11-07","Warren","","other",0.49,0.13,0.13,0.25
"2019-11-09","Bloomberg","upshot","opinion",0.0,0.18,-0.89,-0.24
"2019-11-08","Bloomberg","oped","opinion",0.46,0.75,0.0,0.4
"2019-11-07","Bloomberg","politics","politics",0.32,0.0,0.32,0.21
"2019-11-07","Bloomberg","nytnow","other",0.0,0.0,0.0,0.0
"2019-11-07","Sanders","politics","politics",0.0,0.53,0.8,0.44
"2019-11-09","Bloomberg","politics","politics",0.0,0.0,0.59,0.2
"2019-11-08","Bloomberg","politics","politics",0.0,-0.18,0.0,-0.06
"2019-11-07","Warren","express","other",0.49,-0.1,-0.18,0.07
"2019-11-11","Bloomberg","oped","opinion",0.0,-0.61,0.0,-0.2
"2019-11-09","Buttigieg","politics","politics",-0.42,0.57,0.0,0.05
"2019-11-10","Biden","politics","politics",0.0,0.0,-0.08,-0.03
"2019-11-10","Sanders","society","other",0.0,0.0,0.49,0.16
"2019-11-11","Bloomberg","letters","other",0.0,0.0,0.0,0.0
"2019-11-10","Warren","business","business",0.0,0.53,-0.1,0.14
"2019-11-09","Bloomberg","upshot","opinion",0.0,0.18,-0.89,-0.24
"2019-11-11","Warren","business","business",0.49,0.36,0.44,0.43
"2019-11-10","Sanders","politics","politics",0.0,0.0,0.5,0.17
"2019-11-09","Bloomberg","politics","politics",0.0,0.0,0.59,0.2
"2019-11-10","Bloomberg","nytnow","other",0.0,0.2,0.0,0.07
"2019-11-10","Biden","metro","other",-0.13,-0.23,-0.34,-0.23
"2019-11-12","Bloomberg","politics","politics",0.0,0.0,0.0,0.0
"2019-11-13","Warren","politics","politics",0.49,-0.66,0.25,0.03
"2019-11-11","Bloomberg","oped","opinion",0.0,-0.61,0.0,-0.2
"2019-11-12","Sanders","politics","politics",-0.05,0.59,0.75,0.43
"2019-11-11","Bloomberg","letters","other",0.0,0.0,0.0,0.0
"2019-11-12","Warren","oped","opinion",0.0,0.4,0.95,0.45
"2019-11-12","Bloomberg","national","politics",0.0,-0.18,0.48,0.1
"2019-11-12","Warren","oped","opinion",0.0,0.4,0.95,0.45
"2019-11-12","Bloomberg","metro","other",0.23,0.4,-0.51,0.04
"2019-11-13","Sanders","politics","politics",-0.48,-0.15,0.32,-0.1
"2019-11-11","Warren","business","business",0.49,0.36,0.44,0.43
"2019-11-12","Bloomberg","oped","opinion",0.0,0.0,0.84,0.28
"2019-11-13","Warren","politics","politics",0.49,-0.66,0.25,0.03
"2019-11-15","Bloomberg","politics","politics",0.0,-0.75,0.12,-0.21
"2019-11-14","Sanders","climate","other",0.82,0.7,0.68,0.73
"2019-11-14","Warren","business","business",0.49,0.8,0.82,0.7
"2019-11-13","Sanders","politics","politics",-0.48,-0.15,0.32,-0.1
"2019-11-14","Bloomberg","politics","politics",-0.57,-0.57,0.74,-0.13
"2019-11-16","Warren","upshot","opinion",0.0,0.66,0.2,0.29
"2019-11-15","Bloomberg","politics","politics",0.0,-0.75,0.12,-0.21
"2019-11-17","Bloomberg","politics","politics",-0.08,0.54,0.13,0.2
"2019-11-15","Bloomberg","politics","politics",0.0,0.0,0.0,0.0
"2019-11-17","Warren","politics","politics",0.0,0.27,0.49,0.26
"2019-11-15","Warren","politics","politics",0.32,0.0,0.8,0.37
"2019-11-17","Warren","politics","politics",0.0,0.27,0.49,0.26
"2019-11-15","Warren","politics","politics",0.32,0.0,0.8,0.37
"2019-11-17","Warren","politics","politics",0.0,0.27,0.49,0.26
"2019-11-17","Buttigieg","politics","politics",0.0,0.56,0.0,0.19
"2019-11-19","Warren","oped","opinion",0.49,0.0,0.0,0.16
"2019-11-18","Bloomberg","oped","opinion",0.0,0.05,-0.34,-0.1
"2019-11-18","Buttigieg","politics","politics",0.0,-0.18,-0.34,-0.17
"2019-11-17","Bloomberg","editorial","opinion",0.36,0.44,0.0,0.27
"2019-11-18","Bloomberg","letters","other",0.05,0.03,0.0,0.03
"2019-11-17","Bloomberg","editorial","opinion",0.36,0.44,0.0,0.27
"2019-11-18","Bloomberg","letters","other",0.05,0.03,0.0,0.03
"2019-11-19","Biden","politics","politics",0.0,0.4,0.32,0.24
"2019-11-17","Warren","politics","politics",0.0,0.27,0.49,0.26
"2019-11-17","Warren","politics","politics",0.0,0.27,0.49,0.26
"2019-11-17","Buttigieg","politics","politics",0.0,0.56,0.0,0.19
"2019-11-19","Warren","oped","opinion",0.49,0.0,0.0,0.16
"2019-11-21","Warren","politics","politics",0.0,0.0,0.48,0.16
"2019-11-21","Buttigieg","politics","politics",-0.54,0.36,0.0,-0.06
"2019-11-19","Biden","politics","politics",0.0,0.4,0.32,0.24
"2019-11-20","Warren","oped","opinion",-0.53,0.69,0.26,0.14
"2019-11-21","Buttigieg","oped","opinion",0.0,0.0,0.0,0.0
"2019-11-21","Warren","politics","politics",0.0,0.0,0.48,0.16
"2019-11-21","Buttigieg","politics","politics",-0.54,0.36,0.0,-0.06
"2019-11-22","Buttigieg","podcasts","other",0.0,0.0,0.0,0.0
"2019-11-21","Warren","politics","politics",0.0,-0.36,0.73,0.12
"2019-11-21","Biden","politics","politics",0.25,0.0,-0.64,-0.13
"2019-11-22","Buttigieg","podcasts","other",0.0,0.0,0.0,0.0
"2019-11-22","Buttigieg","podcasts","other",0.0,0.0,0.0,0.0
"2019-11-21","Biden","politics","politics",0.25,0.0,-0.64,-0.13
"2019-11-21","Warren","politics","politics",0.0,-0.36,0.73,0.12
"2019-11-23","Warren","politics","politics",-0.1,0.0,0.42,0.11
"2019-11-22","Bloomberg","politics","politics",0.32,0.0,0.27,0.2
"2019-11-24","Bloomberg","business","business",0.0,0.0,0.36,0.12
"2019-11-25","Bloomberg","nytnow","other",0.0,0.0,0.0,0.0
"2019-11-25","Sanders","politics","politics",0.64,0.69,0.83,0.72
"2019-11-23","Warren","politics","politics",-0.1,0.0,0.42,0.11
"2019-11-25","Bloomberg","politics","politics",-0.3,0.59,-0.51,-0.07
"2019-11-23","Warren","politics","politics",-0.1,0.0,0.42,0.11
"2019-11-25","Sanders","politics","politics",0.64,0.69,0.83,0.72
"2019-11-26","Bloomberg","metro","other",-0.53,0.05,0.0,-0.16
"2019-11-26","Buttigieg","politics","politics",0.0,-0.4,-0.9,-0.44
"2019-11-26","Buttigieg","politics","politics",0.0,-0.4,-0.9,-0.44
"2019-11-25","Bloomberg","nytnow","other",0.0,0.0,0.0,0.0
"2019-11-27","Warren","politics","politics",0.49,-0.83,0.13,-0.07
"2019-11-25","Bloomberg","politics","politics",-0.3,0.59,-0.51,-0.07
"2019-11-25","Bloomberg","politics","politics",-0.3,0.59,-0.51,-0.07
"2019-11-26","Bloomberg","letters","other",0.0,0.0,0.0,0.0
"2019-11-26","Bloomberg","letters","other",0.0,0.0,0.0,0.0
"2019-11-26","Bloomberg","politics","politics",0.4,0.15,0.34,0.3
"2019-11-26","Bloomberg","politics","politics",0.4,0.15,0.34,0.3
"2019-11-27","Sanders","politics","politics",0.0,0.3,-0.55,-0.08
"2019-11-27","Biden","podcasts","other",0.0,0.0,0.0,0.0
"2019-11-29","Buttigieg","nytnow","other",0.0,0.0,0.0,0.0
"2019-11-27","Sanders","politics","politics",0.0,0.3,-0.55,-0.08
"2019-11-29","Buttigieg","nytnow","other",0.0,0.0,0.0,0.0
"2019-11-29","Warren","business","business",0.71,0.03,0.85,0.53
"2019-11-29","Warren","business","business",0.71,0.03,0.85,0.53
"2019-11-29","Buttigieg","nytnow","other",0.0,0.0,0.0,0.0
"2019-12-03","Biden","culture","other",0.0,0.42,0.95,0.46
"2019-12-03","Biden","culture","other",0.0,0.42,0.95,0.46
"2019-12-03","Biden","politics","politics",0.59,0.87,0.51,0.65
"2019-12-05","Biden","politics","politics",-0.4,-0.08,-0.66,-0.38
"2019-12-05","Bloomberg","politics","politics",-0.34,-0.76,-0.56,-0.55
"2019-12-05","Buttigieg","editorial","opinion",0.0,0.0,-0.44,-0.15
"2019-12-04","Buttigieg","politics","politics",0.0,0.0,0.4,0.13
"2019-12-05","Bloomberg","politics","politics",-0.34,-0.76,-0.56,-0.55
"2019-12-03","Biden","culture","other",0.0,0.42,0.95,0.46
"2019-12-03","Biden","culture","other",0.0,0.42,0.95,0.46
"2019-12-04","Biden","business","business",0.0,-0.1,-0.08,-0.06
"2019-12-04","Biden","business","business",0.0,-0.1,-0.08,-0.06
"2019-12-04","Buttigieg","politics","politics",0.34,0.32,0.54,0.4
"2019-12-05","Biden","","other",-0.72,-0.49,-0.49,-0.57
"2019-12-04","Buttigieg","politics","politics",0.34,0.32,0.54,0.4
"2019-12-05","Biden","","other",-0.72,-0.49,-0.49,-0.57
"2019-12-05","Biden","politics","politics",-0.4,-0.08,-0.66,-0.38
"2019-12-05","Buttigieg","editorial","opinion",0.0,0.0,-0.44,-0.15
"2019-12-06","Sanders","podcasts","other",0.0,0.0,0.0,0.0
"2019-12-07","Buttigieg","politics","politics",0.18,0.48,0.15,0.27
"2019-12-06","Sanders","podcasts","other",0.0,0.0,0.0,0.0
"2019-12-06","Sanders","podcasts","other",0.0,0.0,0.0,0.0
"2019-12-06","Buttigieg","politics","politics",-0.27,0.03,-0.4,-0.22
"2019-12-06","Biden","politics","politics",0.0,0.0,-0.42,-0.14
"2019-12-06","Biden","politics","politics",0.0,0.0,-0.42,-0.14
"2019-12-06","Bloomberg","politics","politics",0.0,0.25,0.3,0.18
"2019-12-06","Biden","politics","politics",0.0,0.0,-0.42,-0.14
"2019-12-05","Bloomberg","politics","politics",0.64,-0.4,0.0,0.08
"2019-12-05","Biden","","other",-0.72,-0.49,-0.49,-0.57
"2019-12-06","Biden","nytnow","other",0.0,0.0,0.0,0.0
"2019-12-05","Biden","","other",-0.72,-0.49,-0.49,-0.57
"2019-12-06","Buttigieg","investigative","other",0.0,0.49,0.34,0.28
"2019-12-05","Biden","","other",-0.72,-0.49,-0.49,-0.57
"2019-12-07","Buttigieg","politics","politics",0.18,0.48,0.15,0.27
"2019-12-07","Buttigieg","politics","politics",0.18,0.48,0.15,0.27
"2019-12-09","Buttigieg","politics","politics",0.4,-0.68,0.0,-0.09
"2019-12-09","Buttigieg","letters","other",0.0,-0.51,0.0,-0.17
"2019-12-10","Warren","politics","politics",0.2,0.2,-0.67,-0.09
"2019-12-11","Biden","politics","politics",0.0,0.0,-0.35,-0.12
"2019-12-11","Biden","politics","politics",0.0,0.0,-0.35,-0.12
"2019-12-10","Sanders","oped","opinion",0.59,0.0,0.94,0.51
"2019-12-10","Buttigieg","politics","politics",0.64,-0.36,0.64,0.3
"2019-12-09","Warren","politics","politics",0.13,-0.1,-0.1,-0.03
"2019-12-09","Buttigieg","letters","other",0.0,-0.51,0.0,-0.17
"2019-12-10","Sanders","politics","politics",0.34,0.42,-0.3,0.16
"2019-12-09","Buttigieg","letters","other",0.0,-0.51,0.0,-0.17
"2019-12-09","Warren","politics","politics",0.13,-0.1,-0.1,-0.03
"2019-12-13","Warren","podcasts","other",0.0,0.0,0.54,0.18
"2019-12-13","Warren","politics","politics",-0.75,-0.42,0.46,-0.24
"2019-12-12","Biden","oped","opinion",-0.38,0.0,0.0,-0.13
"2019-12-13","Warren","politics","politics",-0.75,-0.42,0.46,-0.24
"2019-12-11","Biden","politics","politics",0.0,0.0,-0.35,-0.12
"2019-12-13","Sanders","politics","politics",-0.15,-0.77,0.32,-0.2
"2019-12-13","Warren","politics","politics",-0.75,-0.42,0.46,-0.24
"2019-12-13","Warren","podcasts","other",0.0,0.0,0.0,0.0
"2019-12-14","Buttigieg","oped","opinion",0.0,-0.3,0.0,-0.1
"2019-12-14","Buttigieg","oped","opinion",0.0,-0.3,0.0,-0.1
"2019-12-14","Bloomberg","politics","politics",0.0,0.75,0.61,0.45
"2019-12-13","Warren","politics","politics",-0.75,-0.42,0.46,-0.24
"2019-12-14","Buttigieg","politics","politics",0.0,-0.3,0.67,0.12
"2019-12-13","Warren","podcasts","other",0.0,0.0,0.0,0.0
"2019-12-16","Bloomberg","politics","politics",0.0,0.0,0.0,0.0
"2019-12-16","Bloomberg","politics","politics",0.0,0.0,0.0,0.0
"2019-12-16","Buttigieg","magazine","other",-0.49,0.19,0.78,0.16
"2019-12-18","Buttigieg","politics","politics",0.49,-0.46,0.48,0.17
"2019-12-18","Buttigieg","politics","politics",0.49,-0.46,0.48,0.17
"2019-12-20","Warren","politics","politics",0.0,0.61,-0.42,0.06
"2019-12-20","Warren","politics","politics",0.0,0.61,-0.42,0.06
"2019-12-19","Warren","politics","politics",0.0,0.27,0.34,0.2
"2019-12-19","Bloomberg","politics","politics",0.49,0.0,0.62,0.37
"2019-12-20","Biden","podcasts","other",0.0,-0.65,0.0,-0.22
"2019-12-20","Biden","oped","opinion",0.0,0.64,0.0,0.21
"2019-12-20","Buttigieg","politics","politics",-0.48,-0.62,-0.44,-0.51
"2019-12-20","Buttigieg","nytnow","other",0.18,0.0,0.0,0.06
"2019-12-20","Buttigieg","nytnow","other",0.18,0.0,0.0,0.06
"2019-12-21","Bloomberg","fashion & style","other",0.42,0.38,0.38,0.4
"2019-12-21","Bloomberg","fashion & style","other",0.42,0.38,0.38,0.4
"2019-12-23","Warren","politics","politics",-0.36,-0.2,0.53,-0.01
"2019-12-21","Bloomberg","fashion & style","other",0.42,0.38,0.38,0.4
"2019-12-23","Buttigieg","politics","politics",-0.4,0.46,0.0,0.02
"2019-12-23","Bloomberg","u.s.","politics",0.0,-0.72,-0.72,-0.48
"2019-12-23","Warren","politics","politics",-0.36,-0.2,0.53,-0.01
"2019-12-23","Buttigieg","politics","politics",-0.4,0.46,0.0,0.02
"2019-12-25","Biden","politics","politics",0.0,0.68,0.0,0.23
"2019-12-23","Bloomberg","u.s.","politics",0.0,-0.72,-0.72,-0.48
"2019-12-23","Bloomberg","u.s.","politics",0.0,-0.72,-0.72,-0.48
"2019-12-24","Sanders","politics","politics",0.64,0.84,0.0,0.49
"2019-12-24","Sanders","politics","politics",0.64,0.84,0.0,0.49
"2019-12-24","Biden","oped","opinion",0.0,0.0,0.0,0.0
"2019-12-24","Biden","oped","opinion",0.0,0.0,0.0,0.0
"2019-12-25","Biden","politics","politics",0.0,0.68,0.0,0.23
"2019-12-27","Sanders","nytnow","other",0.0,0.0,0.0,0.0
"2019-12-27","Sanders","nytnow","other",0.0,0.0,0.0,0.0
"2019-12-27","Warren","politics","politics",0.0,0.44,0.32,0.25
"2019-12-27","Sanders","nytnow","other",0.0,0.0,0.0,0.0
"2019-12-29","Biden","letters","other",0.64,0.44,0.0,0.36
"2019-12-28","Biden","politics","politics",0.0,-0.15,-0.3,-0.15
"2019-12-27","Warren","politics","politics",0.0,0.44,0.32,0.25
"2019-12-28","Biden","politics","politics",0.0,-0.15,-0.3,-0.15
"2019-12-29","Biden","letters","other",0.64,0.44,0.0,0.36
"2019-12-31","Warren","politics","politics",0.44,0.54,-0.66,0.11
"2019-12-30","Biden","politics","politics",0.0,0.0,0.0,0.0
"2019-12-30","Sanders","politics","politics",0.0,-0.48,-0.69,-0.39
"2019-12-31","Warren","politics","politics",0.44,0.54,-0.66,0.11
"2020-01-03","Warren","politics","politics",-0.27,0.0,0.2,-0.02
"2020-01-01","Buttigieg","politics","politics",0.23,0.0,-0.3,-0.02
"2020-01-01","Buttigieg","politics","politics",0.23,0.0,-0.3,-0.02
"2020-01-03","Warren","politics","politics",-0.27,0.0,0.2,-0.02
"2020-01-02","Biden","politics","politics",0.0,0.46,0.59,0.35
"2020-01-02","Biden","letters","other",-0.13,-0.52,0.0,-0.22
"2020-01-02","Biden","letters","other",-0.13,-0.52,0.0,-0.22
"2020-01-03","Warren","politics","politics",-0.27,0.0,0.2,-0.02
"2020-01-03","Biden","politics","politics",-0.48,-0.23,-0.74,-0.48
"2020-01-03","Buttigieg","politics","politics",0.0,0.58,0.64,0.41
"2020-01-06","Warren","politics","politics",0.34,0.49,0.3,0.38
"2020-01-07","Bloomberg","politics","politics",0.6,0.56,0.77,0.64
"2020-01-06","Warren","politics","politics",0.34,0.49,0.3,0.38
"2020-01-07","Bloomberg","politics","politics",0.6,0.56,0.77,0.64
"2020-01-07","Bloomberg","politics","politics",0.6,0.56,0.77,0.64
"2020-01-07","Biden","politics","politics",-0.44,-0.1,0.34,-0.07
"2020-01-07","Biden","politics","politics",-0.44,-0.1,0.34,-0.07
"2020-01-09","Sanders","politics","politics",0.0,0.03,0.03,0.02
"2020-01-08","Warren","politics","politics",0.0,0.59,0.0,0.2
"2020-01-08","Warren","politics","politics",0.0,0.59,0.0,0.2
"2020-01-09","Sanders","politics","politics",0.32,0.0,0.0,0.11
"2020-01-08","Biden","politics","politics",-0.4,0.0,0.46,0.02
"2020-01-09","Sanders","politics","politics",0.0,0.03,0.03,0.02
"2020-01-09","Sanders","politics","politics",0.0,0.03,0.03,0.02
"2020-01-10","Buttigieg","politics","politics",0.0,0.4,0.42,0.27
"2020-01-11","Bloomberg","politics","politics",-0.46,0.36,-0.19,-0.1
"2020-01-10","Sanders","politics","politics",0.0,0.2,0.0,0.07
"2020-01-10","Warren","politics","politics",0.0,0.0,-0.46,-0.15
"2020-01-09","Sanders","politics","politics",0.32,0.0,0.0,0.11
"2020-01-09","Bloomberg","politics","politics",0.0,0.0,0.56,0.19
"2020-01-11","Bloomberg","politics","politics",-0.46,0.36,-0.19,-0.1
"2020-01-12","Bloomberg","politics","politics",0.42,0.0,0.34,0.25
"2020-01-13","Warren","universal","other",0.34,0.32,0.0,0.22
"2020-01-13","Sanders","upshot","opinion",0.49,0.0,0.78,0.42
"2020-01-13","Biden","politics","politics",-0.6,0.08,0.0,-0.17
"2020-01-12","Sanders","politics","politics",-0.05,0.0,0.56,0.17
"2020-01-13","Sanders","opinion","opinion",0.0,0.32,0.32,0.21
"2020-01-14","Warren","oped","opinion",0.0,0.0,0.0,0.0
"2020-01-14","Warren","oped","opinion",0.0,0.0,0.0,0.0
"2020-01-15","Warren","oped","opinion",0.4,0.0,-0.2,0.07
"2020-01-15","Warren","oped","opinion",0.4,0.0,-0.2,0.07
"2020-01-13","Biden","politics","politics",0.0,0.2,0.27,0.16
"2020-01-15","Warren","gender","other",-0.27,0.0,0.0,-0.09
"2020-01-13","Warren","universal","other",0.34,0.32,0.0,0.22
"2020-01-15","Warren","opinion","opinion",0.2,-0.08,-0.08,0.02
"2020-01-13","Sanders","upshot","opinion",0.49,0.0,0.78,0.42
"2020-01-13","Biden","politics","politics",-0.6,0.08,0.0,-0.17
"2020-01-13","Biden","politics","politics",-0.6,0.08,0.0,-0.17
"2020-01-15","Warren","opinion","opinion",0.2,-0.08,-0.08,0.02
"2020-01-14","Warren","opinion","opinion",0.2,-0.08,-0.08,0.02
"2020-01-13","Sanders","politics","politics",0.56,0.49,0.56,0.54
"2020-01-13","Sanders","politics","politics",0.56,0.49,0.56,0.54
"2020-01-15","Warren","politics","politics",-0.67,0.0,-0.34,-0.34
"2020-01-13","Sanders","opinion","opinion",0.0,0.32,0.32,0.21
"2020-01-14","Warren","opinion","opinion",0.2,-0.08,-0.08,0.02
"2020-01-15","Warren","oped","opinion",0.4,0.0,-0.2,0.07
"2020-01-16","Sanders","oped","opinion",0.59,-0.69,0.0,-0.04
"2020-01-16","Warren","opinion","opinion",0.2,-0.08,-0.08,0.02
"2020-01-15","Sanders","politics","politics",0.0,0.0,0.46,0.15
"2020-01-15","Sanders","politics","politics",0.0,0.0,0.46,0.15
"2020-01-16","Warren","opinion","opinion",0.2,-0.08,-0.08,0.02
"2020-01-15","Warren","opinion","opinion",0.2,-0.08,-0.08,0.02
"2020-01-15","Warren","opinion","opinion",0.2,-0.08,-0.08,0.02
"2020-01-16","Warren","opinion","opinion",0.2,-0.08,-0.08,0.02
"2020-01-15","Warren","opinion","opinion",0.2,-0.08,-0.08,0.02
"2020-01-15","Warren","oped","opinion",0.0,0.0,-0.46,-0.15
"2020-01-17","Bloomberg","politics","politics",0.8,0.0,0.23,0.34
"2020-01-16","Sanders","oped","opinion",0.0,0.0,0.0,0.0
"2020-01-16","Sanders","washington","politics",0.0,0.0,0.0,0.0
"2020-01-17","Biden","politics","politics",0.0,0.0,0.46,0.15
"2020-01-17","Warren","opinion","opinion",0.2,-0.08,-0.08,0.02
"2020-01-18","Buttigieg","politics","politics",0.0,0.0,0.3,0.1
"2020-01-17","Biden","politics","politics",0.0,0.0,0.46,0.15
"2020-01-18","Buttigieg","politics","politics",0.0,0.0,0.3,0.1
"2020-01-18","Biden","oped","opinion",-0.3,0.0,-0.93,-0.41
"2020-01-17","Warren","opinion","opinion",0.2,-0.08,-0.08,0.02
"2020-01-21","Biden","politics","politics",0.53,0.38,0.74,0.55
"2020-01-20","Warren","letters","other",0.38,0.32,0.0,0.23
"2020-01-21","Sanders","politics","politics",-0.27,0.05,-0.24,-0.15
"2020-01-20","Warren","politics","politics",0.34,0.48,0.57,0.46
"2020-01-20","Warren","politics","politics",0.34,0.48,0.57,0.46
"2020-01-20","Warren","politics","politics",0.34,0.48,0.57,0.46
"2020-01-20","Sanders","editorial","opinion",0.0,0.0,0.46,0.15
"2020-01-20","Biden","politics","politics",-0.77,0.53,-0.6,-0.28
"2020-01-20","Warren","opinion","opinion",0.2,-0.08,-0.08,0.02
"2020-01-21","Biden","politics","politics",0.53,0.38,0.74,0.55
"2020-01-22","Buttigieg","politics","politics",0.0,0.56,0.0,0.19
"2020-01-21","Sanders","politics","politics",0.53,-0.56,0.4,0.12
"2020-01-21","Biden","politics","politics",0.53,0.38,0.74,0.55
"2020-01-22","Buttigieg","politics","politics",0.0,0.56,0.0,0.19
"2020-01-23","Bloomberg","politics","politics",0.0,-0.8,-0.3,-0.37
"2020-01-22","Bloomberg","magazine","other",0.0,-0.46,-0.42,-0.29
"2020-01-21","Bloomberg","metro","other",-0.36,-0.15,0.0,-0.17
"2020-01-21","Biden","oped","opinion",-0.23,-0.48,-0.51,-0.4
"2020-01-21","Biden","oped","opinion",-0.23,-0.48,-0.51,-0.4
"2020-01-21","Sanders","politics","politics",-0.27,0.05,-0.24,-0.15
"2020-01-22","Sanders","upshot","opinion",0.2,0.65,0.4,0.42
"2020-01-23","Biden","washington","politics",-0.53,0.0,-0.03,-0.18
"2020-01-23","Biden","washington","politics",-0.53,0.0,-0.03,-0.18
"2020-01-23","Sanders","oped","opinion",0.03,0.42,0.2,0.21
"2020-01-22","Sanders","editorial","opinion",0.0,0.82,0.87,0.57
"2020-01-23","Warren","editorial","opinion",0.0,0.0,0.46,0.15
"2020-01-23","Biden","politics","politics",0.0,0.17,-0.38,-0.07
"2020-01-23","Bloomberg","politics","politics",0.0,-0.8,-0.3,-0.37
"2020-01-23","Biden","washington","politics",-0.34,0.0,0.0,-0.11
"2020-01-24","Biden","washington","politics",0.0,0.23,0.32,0.18
"2020-01-23","Biden","washington","politics",-0.34,0.0,0.0,-0.11
"2020-01-24","Biden","washington","politics",0.0,0.0,-0.4,-0.13
"2020-01-24","Biden","washington","politics",0.0,0.0,-0.4,-0.13
"2020-01-24","Biden","politics","politics",0.32,-0.69,-0.61,-0.33
"2020-01-25","Sanders","politics","politics",0.0,0.28,0.4,0.23
"2020-01-23","Biden","washington","politics",-0.53,0.0,-0.03,-0.18
"2020-01-23","Sanders","oped","opinion",0.03,0.42,0.2,0.21
"2020-01-23","Sanders","oped","opinion",0.03,0.42,0.2,0.21
"2020-01-23","Warren","editorial","opinion",0.0,0.0,0.46,0.15
"2020-01-23","Biden","politics","politics",0.0,0.17,-0.38,-0.07
"2020-01-26","Warren","politics","politics",0.72,0.32,0.74,0.59
"2020-01-26","Warren","politics","politics",0.32,-0.18,0.72,0.29
"2020-01-27","Buttigieg","editorial","opinion",0.0,0.32,0.46,0.26
"2020-01-27","Sanders","politics","politics",0.0,-0.77,0.13,-0.21
"2020-01-27","Biden","washington","politics",-0.59,-0.2,0.36,-0.14
"2020-01-26","Warren","politics","politics",0.32,-0.18,0.72,0.29
"2020-01-26","Sanders","politics","politics",0.0,0.0,0.0,0.0
"2020-01-26","Biden","politics","politics",0.0,0.0,0.0,0.0
"2020-01-26","Warren","politics","politics",0.72,0.32,0.74,0.59
"2020-01-26","Biden","politics","politics",-0.4,0.57,0.0,0.06
"2020-01-27","Buttigieg","editorial","opinion",0.0,0.32,0.46,0.26
"2020-01-27","Sanders","politics","politics",0.0,-0.77,0.13,-0.21
"2020-01-27","Biden","washington","politics",-0.59,-0.2,0.36,-0.14
"2020-01-26","Warren","politics","politics",0.0,0.57,0.28,0.28
"2020-01-26","Buttigieg","politics","politics",0.0,0.0,0.75,0.25
"2020-01-26","Bloomberg","politics","politics",-0.57,0.61,0.61,0.22
"2020-01-26","Bloomberg","politics","politics",-0.57,0.61,0.61,0.22
"2020-01-26","Biden","national","politics",0.0,0.34,0.18,0.17
"2020-01-27","Warren","politics","politics",0.0,0.4,0.73,0.38
"2020-01-27","Biden","upshot","opinion",-0.4,0.0,0.0,-0.13
"2020-01-26","Sanders","politics","politics",0.56,0.0,0.0,0.19
"2020-01-26","Buttigieg","politics","politics",0.0,0.42,-0.6,-0.06
"2020-01-27","Bloomberg","politics","politics",-0.1,-0.9,0.61,-0.13
"2020-01-27","Biden","politics","politics",0.59,0.0,0.05,0.21
"2020-01-26","Buttigieg","politics","politics",0.0,0.42,-0.6,-0.06
"2020-01-27","Bloomberg","politics","politics",-0.1,-0.9,0.61,-0.13
"2020-01-27","Biden","politics","politics",0.59,0.0,0.05,0.21
"2020-01-27","Bloomberg","politics","politics",0.0,-0.77,0.0,-0.26
"2020-01-25","Sanders","politics","politics",0.0,0.28,0.4,0.23
"2020-01-26","Biden","politics","politics",0.62,0.28,0.3,0.4
"2020-01-26","Biden","politics","politics",0.0,0.8,0.49,0.43
"2020-01-27","Biden","washington","politics",-0.42,0.0,0.0,-0.14
"2020-01-26","Warren","politics","politics",0.34,0.81,0.74,0.63
"2020-01-27","Buttigieg","editorial","opinion",0.0,0.32,0.46,0.26
"2020-01-27","Sanders","politics","politics",0.0,-0.77,0.13,-0.21
"2020-01-27","Biden","washington","politics",-0.59,-0.2,0.36,-0.14
"2020-01-27","Buttigieg","politics","politics",0.0,0.4,0.13,0.18
"2020-01-27","Sanders","politics","politics",0.0,-0.77,0.13,-0.21
"2020-01-27","Biden","washington","politics",-0.59,-0.2,0.36,-0.14
"2020-01-27","Buttigieg","politics","politics",0.0,0.4,0.13,0.18
"2020-01-28","Biden","politics","politics",0.0,0.0,0.39,0.13
"2020-01-29","Biden","washington","politics",0.0,0.0,0.56,0.19
"2020-01-29","Biden","editorial","opinion",0.0,0.0,0.46,0.15
"2020-01-28","Biden","politics","politics",0.0,0.0,0.39,0.13
"2020-01-29","Biden","politics","politics",-0.4,0.0,-0.59,-0.33
"2020-01-29","Biden","washington","politics",0.0,0.46,0.46,0.31
"2020-01-29","Biden","washington","politics",0.0,0.46,0.46,0.31
"2020-01-29","Bloomberg","politics","politics",0.2,-0.66,-0.69,-0.38
"2020-01-27","Biden","washington","politics",0.0,0.0,-0.48,-0.16
"2020-01-27","Sanders","politics","politics",-0.25,0.18,0.48,0.13
"2020-01-27","Biden","washington","politics",0.0,0.0,-0.48,-0.16
"2020-01-27","Warren","politics","politics",0.0,0.4,0.73,0.38
"2020-01-27","Biden","upshot","opinion",-0.4,0.0,0.0,-0.13
"2020-01-29","Warren","business","business",0.0,0.34,0.27,0.2
"2020-01-29","Sanders","politics","politics",0.25,0.49,0.68,0.47
"2020-01-29","Warren","business","business",0.0,0.34,0.27,0.2
"2020-01-27","Warren","politics","politics",0.0,0.4,0.73,0.38
"2020-01-28","Biden","washington","politics",0.0,0.0,-0.73,-0.24
"2020-01-29","Sanders","politics","politics",0.25,0.49,0.68,0.47
"2020-01-28","Biden","magazine","other",0.44,0.62,-0.49,0.19
"2020-01-27","Biden","politics","politics",0.59,0.0,0.05,0.21
"2020-01-28","Biden","washington","politics",-0.44,0.0,-0.27,-0.24
"2020-01-28","Sanders","politics","politics",0.2,-0.4,-0.44,-0.21
"2020-01-27","Biden","politics","politics",0.59,0.0,0.05,0.21
"2020-01-29","Biden","politics","politics",0.0,-0.3,-0.3,-0.2
"2020-01-29","Biden","politics","politics",0.0,-0.74,0.36,-0.13
"2020-01-29","Warren","politics","politics",0.59,0.32,0.76,0.55
"2020-01-27","Bloomberg","politics","politics",0.0,-0.77,0.0,-0.26
"2020-01-27","Bloomberg","politics","politics",0.0,-0.77,0.0,-0.26
"2020-01-29","Biden","politics","politics",0.0,0.84,0.64,0.5
"2020-01-27","Biden","washington","politics",-0.42,-0.23,0.34,-0.1
"2020-01-28","Buttigieg","politics","politics",0.0,-0.46,0.61,0.05
"2020-01-27","Sanders","politics","politics",0.0,0.59,-0.61,-0.01
"2020-01-28","Buttigieg","politics","politics",0.0,-0.46,0.61,0.05
"2020-01-28","Buttigieg","politics","politics",0.0,-0.46,0.61,0.05
"2020-01-29","Biden","washington","politics",0.0,0.0,0.56,0.19
"2020-01-29","Biden","editorial","opinion",0.0,0.0,0.46,0.15
"2020-01-29","Biden","washington","politics",0.0,0.46,0.46,0.31
"2020-01-29","Bloomberg","politics","politics",0.2,-0.66,-0.69,-0.38
"2020-01-29","Biden","washington","politics",0.0,0.0,0.56,0.19
"2020-01-29","Biden","editorial","opinion",0.0,0.0,0.46,0.15
"2020-01-30","Bloomberg","politics","politics",0.63,0.59,-0.05,0.39
"2020-01-31","Bloomberg","politics","politics",0.0,0.49,0.0,0.16
"2020-01-31","Bloomberg","politics","politics",0.0,0.49,0.0,0.16
"2020-01-31","Bloomberg","politics","politics",0.0,0.49,0.0,0.16
"2020-01-29","Warren","business","business",0.0,0.34,0.27,0.2
"2020-01-29","Sanders","politics","politics",0.25,0.49,0.68,0.47
"2020-01-29","Sanders","politics","politics",0.25,0.49,0.68,0.47
"2020-01-30","Sanders","politics","politics",-0.48,0.0,0.0,-0.16
"2020-01-30","Biden","oped","opinion",-0.54,0.4,0.27,0.04
"2020-01-30","Biden","politics","politics",0.0,0.0,0.0,0.0
"2020-01-31","Bloomberg","politics","politics",0.0,0.4,0.2,0.2
"2020-01-30","Biden","washington","politics",0.0,-0.42,-0.36,-0.26
"2020-01-29","Biden","politics","politics",0.0,-0.3,-0.3,-0.2
"2020-01-29","Biden","politics","politics",0.0,-0.3,-0.3,-0.2
"2020-01-30","Sanders","upshot","opinion",0.0,0.0,0.57,0.19
"2020-01-29","Biden","politics","politics",0.0,-0.74,0.36,-0.13
"2020-01-29","Warren","politics","politics",0.59,0.32,0.76,0.55
"2020-01-30","Warren","washington","politics",0.0,0.48,0.53,0.33
"2020-01-29","Biden","politics","politics",0.0,0.84,0.64,0.5
"2020-01-29","Biden","politics","politics",0.0,0.84,0.64,0.5
"2020-01-31","Sanders","u.s.","politics",0.0,0.0,0.0,0.0
"2020-01-31","Warren","u.s.","politics",0.0,0.0,0.0,0.0
"2020-01-31","Sanders","styles","other",0.0,0.36,0.6,0.32
"2020-01-31","Biden","summary","other",-0.6,0.0,-0.27,-0.29
"2020-01-31","Sanders","politics","politics",0.0,-0.51,0.46,-0.02
"2020-01-31","Sanders","oped","opinion",0.59,-0.07,-0.4,0.04
"2020-01-31","Buttigieg","politics","politics",-0.48,-0.72,0.13,-0.36
"2020-01-31","Buttigieg","u.s.","politics",0.0,0.0,0.0,0.0
"2020-01-31","Biden","u.s.","politics",0.0,0.0,0.0,0.0
"2020-01-31","Bloomberg","politics","politics",0.0,0.4,0.2,0.2
"2020-01-31","Bloomberg","politics","politics",0.0,0.4,0.2,0.2
"2020-01-31","Sanders","u.s.","politics",0.0,0.0,0.0,0.0
"2020-01-31","Sanders","u.s.","politics",0.0,0.0,0.0,0.0
"2020-01-31","Warren","u.s.","politics",0.0,0.0,0.0,0.0
"2020-01-31","Biden","summary","other",-0.6,0.0,-0.27,-0.29
"2020-01-31","Sanders","politics","politics",0.0,-0.51,0.46,-0.02
"2020-02-01","Biden","washington","politics",-0.38,0.0,-0.6,-0.33
"2020-01-31","Buttigieg","u.s.","politics",0.0,0.0,0.0,0.0
"2020-01-31","Sanders","oped","opinion",0.59,-0.07,-0.4,0.04
"2020-01-31","Buttigieg","politics","politics",-0.48,-0.72,0.13,-0.36
"2020-02-01","Sanders","washington","politics",0.0,-0.1,-0.13,-0.08
"2020-02-01","Biden","politics","politics",0.4,0.69,-0.25,0.28
"2020-02-03","Bloomberg","metro","other",0.0,0.0,0.0,0.0
"2020-02-01","Biden","politics","politics",0.4,0.69,-0.25,0.28
"2020-02-01","Sanders","washington","politics",0.0,-0.1,-0.13,-0.08
"2020-02-03","Buttigieg","politics","politics",0.0,0.0,0.0,0.0
"2020-02-03","Biden","oped","opinion",0.48,0.08,0.4,0.32
"2020-02-01","Sanders","politics","politics",0.0,0.0,0.78,0.26
"2020-02-03","Bloomberg","washington","politics",0.72,-0.32,0.0,0.13
"2020-02-01","Bloomberg","politics","politics",0.56,0.28,0.02,0.29
"2020-02-02","Sanders","u.s.","politics",0.0,0.0,0.0,0.0
"2020-02-02","Sanders","u.s.","politics",0.0,0.0,0.0,0.0
"2020-02-03","Bloomberg","metro","other",0.0,0.0,0.0,0.0
"2020-02-03","Bloomberg","metro","other",0.0,0.0,0.0,0.0
"2020-02-04","Buttigieg","politics","politics",0.59,0.53,0.58,0.56
"2020-02-05","Buttigieg","nytnow","other",0.0,0.0,0.0,0.0
"2020-02-03","Biden","oped","opinion",0.48,0.08,0.4,0.32
"2020-02-05","Buttigieg","nytnow","other",0.0,0.0,0.0,0.0
"2020-02-05","Biden","politics","politics",-0.48,-0.15,-0.87,-0.5
"2020-02-06","Bloomberg","politics","politics",0.19,0.75,0.0,0.31
"2020-02-06","Sanders","politics","politics",0.47,0.34,0.0,0.27
"2020-02-06","Sanders","politics","politics",0.67,-0.05,0.25,0.29
"2020-02-06","Bloomberg","politics","politics",0.19,0.75,0.0,0.31
"2020-02-06","Sanders","politics","politics",0.47,0.34,0.0,0.27
"2020-02-06","Sanders","politics","politics",0.67,-0.05,0.25,0.29
"2020-02-06","Sanders","politics","politics",0.47,0.34,0.0,0.27
"2020-02-06","Sanders","politics","politics",0.67,-0.05,0.25,0.29
"2020-02-07","Sanders","u.s.","politics",0.0,0.27,0.27,0.18
"2020-02-07","Buttigieg","politics","politics",0.27,-0.08,0.23,0.14
"2020-02-07","Buttigieg","politics","politics",0.18,0.42,0.46,0.35
"2020-02-06","Biden","washington","politics",0.0,0.44,0.03,0.16
"2020-02-06","Biden","washington","politics",0.0,0.44,0.03,0.16
"2020-02-07","Bloomberg","washington","politics",0.32,-0.74,0.81,0.13
"2020-02-07","Warren","u.s.","politics",0.0,0.27,0.27,0.18
"2020-02-07","Buttigieg","u.s.","politics",0.0,0.27,0.27,0.18
"2020-02-07","Biden","u.s.","politics",0.0,0.27,0.27,0.18
"2020-02-07","Buttigieg","politics","politics",0.18,0.42,0.46,0.35
"2020-02-05","Biden","politics","politics",-0.48,-0.15,-0.87,-0.5
"2020-02-07","Biden","politics","politics",0.0,-0.49,-0.81,-0.43
"2020-02-07","Sanders","u.s.","politics",0.0,0.27,0.27,0.18
"2020-02-07","Buttigieg","politics","politics",0.27,-0.08,0.23,0.14
"2020-02-08","Biden","politics","politics",-0.23,-0.79,0.23,-0.26
"2020-02-07","Buttigieg","politics","politics",0.27,-0.08,0.23,0.14
"2020-02-07","Bloomberg","washington","politics",0.32,-0.74,0.81,0.13
"2020-02-07","Warren","u.s.","politics",0.0,0.27,0.27,0.18
"2020-02-07","Buttigieg","u.s.","politics",0.0,0.27,0.27,0.18
"2020-02-07","Bloomberg","u.s.","politics",0.0,0.27,0.27,0.18
"2020-02-07","Bloomberg","washington","politics",0.32,-0.74,0.81,0.13
"2020-02-07","Warren","u.s.","politics",0.0,0.27,0.27,0.18
"2020-02-07","Buttigieg","u.s.","politics",0.0,0.27,0.27,0.18
"2020-02-07","Biden","u.s.","politics",0.0,0.27,0.27,0.18
"2020-02-07","Bloomberg","u.s.","politics",0.0,0.27,0.27,0.18
"2020-02-09","Biden","washington","politics",0.53,0.0,0.53,0.35
"2020-02-08","Biden","politics","politics",0.0,0.0,0.83,0.28
"2020-02-08","Buttigieg","politics","politics",0.0,-0.34,-0.27,-0.2
"2020-02-08","Buttigieg","politics","politics",0.0,-0.34,-0.27,-0.2
"2020-02-08","Biden","politics","politics",0.0,0.0,0.83,0.28
"2020-02-07","Biden","politics","politics",0.0,-0.49,-0.81,-0.43
"2020-02-11","Bloomberg","politics","politics",0.03,0.4,0.03,0.15
"2020-02-11","Warren","politics","politics",0.0,0.62,-0.78,-0.05
"2020-02-11","Warren","politics","politics",0.0,0.62,-0.78,-0.05
"2020-02-11","Warren","politics","politics",0.0,0.62,-0.78,-0.05
"2020-02-10","Sanders","oped","opinion",0.6,-0.19,0.0,0.14
"2020-02-11","Bloomberg","politics","politics",0.13,0.0,0.13,0.09
"2020-02-10","Sanders","oped","opinion",0.6,-0.19,0.0,0.14
"2020-02-12","Biden","culture","other",0.0,0.32,0.95,0.42
"2020-02-12","Bloomberg","washington","politics",0.0,-0.3,-0.66,-0.32
"2020-02-11","Sanders","oped","opinion",0.0,0.7,0.0,0.23
"2020-02-12","Warren","politics","politics",0.0,0.15,0.08,0.07
"2020-02-13","Bloomberg","washington","politics",-0.8,0.51,-0.77,-0.35
"2020-02-13","Bloomberg","washington","politics",-0.8,0.51,-0.77,-0.35
"2020-02-12","Sanders","politics","politics",-0.43,0.69,-0.83,-0.19
"2020-02-12","Sanders","politics","politics",-0.43,0.69,-0.83,-0.19
"2020-02-12","Sanders","oped","opinion",-0.44,0.87,0.0,0.14
"2020-02-12","Bloomberg","washington","politics",-0.3,0.0,-0.32,-0.2
"2020-02-12","Sanders","oped","opinion",-0.44,0.87,0.0,0.14
"2020-02-13","Sanders","oped","opinion",0.0,-0.26,0.59,0.11
"2020-02-11","Warren","politics","politics",0.0,0.62,-0.78,-0.05
"2020-02-12","Sanders","washington","politics",-0.49,-0.46,0.63,-0.11
"2020-02-12","Warren","politics","politics",0.0,0.15,0.08,0.07
"2020-02-12","Bloomberg","washington","politics",-0.3,0.0,-0.32,-0.2
"2020-02-13","Bloomberg","politics","politics",0.0,-0.17,0.5,0.11
"2020-02-11","Warren","politics","politics",0.0,0.3,0.0,0.1
"2020-02-12","Sanders","","other",0.57,0.4,0.4,0.46
"2020-02-12","Sanders","politics","politics",0.0,0.0,0.88,0.29
"2020-02-12","Sanders","business","business",0.0,0.18,0.85,0.34
"2020-02-12","Sanders","politics","politics",0.0,0.0,0.88,0.29
"2020-02-12","Sanders","politics","politics",0.0,0.0,0.88,0.29
"2020-02-11","Bloomberg","politics","politics",0.13,0.0,0.13,0.09
"2020-02-13","Bloomberg","oped","opinion",-0.44,-0.71,-0.77,-0.64
"2020-02-12","Biden","politics","politics",-0.74,-0.36,-0.62,-0.57
"2020-02-12","Bloomberg","oped","opinion",0.0,0.54,-0.57,-0.01
"2020-02-13","Bloomberg","styles","other",0.0,0.0,0.36,0.12
"2020-02-12","Bloomberg","oped","opinion",0.0,0.54,-0.57,-0.01
"2020-02-13","Bloomberg","styles","other",0.0,0.0,0.36,0.12
"2020-02-12","Sanders","oped","opinion",0.0,0.53,0.0,0.18
"2020-02-13","Bloomberg","politics","politics",-0.67,-0.59,-0.88,-0.71
"2020-02-12","Sanders","oped","opinion",0.57,0.4,0.89,0.62
"2020-02-13","Biden","politics","politics",0.0,-0.25,0.85,0.2
"2020-02-12","Sanders","oped","opinion",0.0,0.53,0.0,0.18
"2020-02-13","Sanders","politics","politics",0.0,-0.44,0.44,0.0
"2020-02-13","Bloomberg","letters","other",0.8,-0.4,0.0,0.13
"2020-02-14","Buttigieg","politics","politics",0.0,-0.34,-0.83,-0.39
"2020-02-13","Bloomberg","washington","politics",-0.8,0.51,-0.77,-0.35
"2020-02-15","Bloomberg","oped","opinion",-0.4,0.38,0.82,0.27
"2020-02-15","Bloomberg","oped","opinion",0.0,0.0,0.59,0.2
"2020-02-15","Buttigieg","politics","politics",0.0,0.75,0.69,0.48
"2020-02-15","Bloomberg","oped","opinion",0.0,0.0,0.59,0.2
"2020-02-15","Bloomberg","u.s.","politics",0.0,0.4,0.4,0.27
"2020-02-13","Bloomberg","politics","politics",0.0,-0.17,0.5,0.11
"2020-02-14","Bloomberg","oped","opinion",0.0,-0.57,-0.15,-0.24
"2020-02-14","Sanders","politics","politics",0.0,0.08,0.46,0.18
"2020-02-14","Bloomberg","culture","other",-0.64,0.0,0.95,0.11
"2020-02-13","Bloomberg","oped","opinion",-0.44,-0.71,-0.77,-0.64
"2020-02-13","Bloomberg","styles","other",0.0,0.0,0.36,0.12
"2020-02-14","Sanders","politics","politics",0.34,0.0,-0.32,0.01
"2020-02-13","Bloomberg","politics","politics",-0.67,-0.59,-0.88,-0.71
"2020-02-14","Sanders","politics","politics",0.34,0.0,-0.32,0.01
"2020-02-16","Sanders","politics","politics",-0.23,0.0,0.65,0.14
"2020-02-17","Biden","oped","opinion",-0.49,0.31,0.65,0.15
"2020-02-17","Bloomberg","politics","politics",0.44,-0.23,-0.62,-0.14
"2020-02-15","Buttigieg","politics","politics",0.0,0.75,0.69,0.48
"2020-02-15","Bloomberg","oped","opinion",0.0,0.0,0.59,0.2
"2020-02-15","Bloomberg","oped","opinion",-0.4,0.38,0.82,0.27
"2020-02-15","Bloomberg","u.s.","politics",0.0,0.4,0.4,0.27
"2020-02-17","Bloomberg","business","business",-0.18,-0.03,0.0,-0.07
"2020-02-17","Biden","politics","politics",0.0,0.0,0.05,0.02
"2020-02-16","Bloomberg","politics","politics",-0.54,0.75,0.0,0.07
"2020-02-17","Bloomberg","politics","politics",0.0,0.0,0.0,0.0
"2020-02-16","Bloomberg","politics","politics",-0.54,0.75,0.0,0.07
"2020-02-17","Biden","politics","politics",0.0,0.0,0.05,0.02
"2020-02-18","Bloomberg","oped","opinion",0.0,0.0,0.67,0.22
"2020-02-17","Biden","oped","opinion",-0.49,0.31,0.65,0.15
"2020-02-19","Bloomberg","oped","opinion",-0.61,-0.3,-0.84,-0.58
"2020-02-18","Bloomberg","oped","opinion",0.0,0.0,0.67,0.22
"2020-02-19","Bloomberg","oped","opinion",-0.61,-0.3,-0.84,-0.58
"2020-02-17","Biden","oped","opinion",-0.49,0.31,0.65,0.15
"2020-02-18","Bloomberg","politics","politics",0.0,0.0,0.0,0.0
"2020-02-18","Bloomberg","podcasts","other",-0.3,0.21,0.0,-0.03
"2020-02-19","Bloomberg","politics","politics",0.0,0.0,0.04,0.01
"2020-02-17","Biden","oped","opinion",-0.49,0.31,0.65,0.15
"2020-02-19","Bloomberg","oped","opinion",-0.61,-0.3,-0.84,-0.58
"2020-02-19","Bloomberg","politics","politics",0.0,0.0,0.04,0.01
"2020-02-19","Bloomberg","metro","other",0.0,0.0,0.0,0.0
"2020-02-18","Bloomberg","politics","politics",0.0,0.23,0.0,0.08
"2020-02-17","Bloomberg","nytnow","other",0.0,0.0,0.0,0.0
"2020-02-18","Bloomberg","nytnow","other",0.0,0.0,0.0,0.0
"2020-02-19","Bloomberg","metro","other",0.0,0.0,0.0,0.0
"2020-02-19","Warren","politics","politics",0.67,0.78,0.86,0.77
"2020-02-18","Warren","politics","politics",0.0,-0.25,0.53,0.09
"2020-02-18","Bloomberg","nytnow","other",0.0,0.0,0.0,0.0
"2020-02-19","Bloomberg","u.s.","politics",0.0,0.27,0.27,0.18
"2020-02-18","Bloomberg","business","business",0.0,0.0,0.4,0.13
"2020-02-18","Bloomberg","business","business",0.0,0.0,0.4,0.13
"2020-02-19","Buttigieg","politics","politics",0.23,0.35,0.46,0.35
"2020-02-19","Buttigieg","politics","politics",0.23,0.35,0.46,0.35
"2020-02-17","Bloomberg","politics","politics",0.0,0.0,0.0,0.0
"2020-02-19","Sanders","upshot","opinion",0.34,0.74,0.79,0.62
"2020-02-19","Sanders","upshot","opinion",0.34,0.74,0.79,0.62
"2020-02-19","Bloomberg","oped","opinion",0.0,0.0,0.27,0.09
"2020-02-19","Bloomberg","oped","opinion",0.0,0.0,0.27,0.09
"2020-02-18","Buttigieg","washington","politics",0.0,-0.89,0.74,-0.05
"2020-02-19","Buttigieg","politics","politics",0.75,0.73,0.42,0.63
"2020-02-18","Buttigieg","washington","politics",0.0,-0.89,0.74,-0.05
"2020-02-19","Buttigieg","politics","politics",0.75,0.73,0.42,0.63
"2020-02-21","Biden","politics","politics",-0.34,-0.48,-0.61,-0.48
"2020-02-19","Bloomberg","oped","opinion",-0.61,-0.3,-0.84,-0.58
"2020-02-20","Warren","politics","politics",0.0,0.44,0.0,0.15
"2020-02-20","Buttigieg","","other",0.0,-0.64,-0.64,-0.42
"2020-02-20","Sanders","politics","politics",0.0,-0.1,-0.51,-0.2
"2020-02-21","Bloomberg","politics","politics",0.0,0.15,-0.25,-0.03
"2020-02-21","Sanders","washington","politics",0.0,-0.48,0.49,0.01
"2020-02-21","Sanders","washington","politics",0.0,-0.48,0.49,0.01
"2020-02-19","Bloomberg","metro","other",0.0,0.0,0.0,0.0
"2020-02-21","Warren","politics","politics",0.0,0.0,0.0,0.0
"2020-02-20","Bloomberg","business","business",0.0,0.49,0.08,0.19
"2020-02-20","Bloomberg","nytnow","other",0.0,0.0,0.0,0.0
"2020-02-20","Bloomberg","nytnow","other",0.0,0.0,0.0,0.0
"2020-02-21","Warren","oped","opinion",0.4,-0.42,0.0,-0.01
"2020-02-20","Bloomberg","oped","opinion",0.0,0.36,0.0,0.12
"2020-02-19","Bloomberg","u.s.","politics",0.0,0.27,0.27,0.18
"2020-02-21","Sanders","oped","opinion",0.59,0.0,0.85,0.48
"2020-02-19","Bloomberg","politics","politics",0.0,0.0,0.0,0.0
"2020-02-20","Bloomberg","oped","opinion",0.0,0.36,0.0,0.12
"2020-02-20","Bloomberg","oped","opinion",0.0,0.44,0.0,0.15
"2020-02-20","Bloomberg","oped","opinion",0.0,0.44,0.0,0.15
"2020-02-19","Sanders","politics","politics",0.0,-0.26,-0.65,-0.3
"2020-02-19","Buttigieg","politics","politics",0.23,0.35,0.46,0.35
"2020-02-19","Sanders","upshot","opinion",0.34,0.74,0.79,0.62
"2020-02-20","Biden","politics","politics",-0.51,-0.23,0.23,-0.17
"2020-02-19","Sanders","politics","politics",0.0,-0.26,-0.65,-0.3
"2020-02-20","Sanders","oped","opinion",0.44,0.0,0.0,0.15
"2020-02-20","Biden","politics","politics",-0.51,-0.23,0.23,-0.17
"2020-02-20","Bloomberg","politics","politics",0.0,0.34,0.69,0.34
"2020-02-20","Sanders","oped","opinion",0.44,0.0,0.0,0.15
"2020-02-21","Bloomberg","politics","politics",0.27,-0.25,-0.46,-0.15
"2020-02-21","Bloomberg","politics","politics",0.27,-0.25,-0.46,-0.15
"2020-02-23","Sanders","u.s.","politics",0.57,0.86,0.86,0.77
"2020-02-21","Sanders","washington","politics",0.0,-0.48,0.49,0.01
"2020-02-22","Warren","business","business",0.19,-0.15,0.69,0.24
"2020-02-21","Sanders","washington","politics",0.0,-0.48,0.49,0.01
"2020-02-22","Sanders","washington","politics",0.4,0.37,0.32,0.36
"2020-02-21","Sanders","washington","politics",0.0,-0.48,0.49,0.01
"2020-02-22","Sanders","washington","politics",0.4,0.37,0.32,0.36
"2020-02-23","Sanders","politics","politics",0.0,0.57,0.82,0.46
"2020-02-23","Sanders","politics","politics",0.0,0.57,0.82,0.46
"2020-02-23","Sanders","","other",0.57,-0.52,-0.52,-0.16
"2020-02-23","Sanders","politics","politics",0.0,0.0,0.89,0.3
"2020-02-23","Sanders","oped","opinion",0.0,-0.3,0.77,0.16
"2020-02-21","Warren","oped","opinion",0.4,-0.42,0.0,-0.01
"2020-02-21","Sanders","oped","opinion",0.59,0.0,0.85,0.48
"2020-02-22","Bloomberg","business","business",0.0,0.18,-0.08,0.03
"2020-02-21","Bloomberg","briefing","other",0.3,0.0,0.0,0.1
"2020-02-23","Sanders","oped","opinion",-0.34,0.48,0.59,0.24
"2020-02-22","Sanders","politics","politics",0.0,-0.2,-0.46,-0.22
"2020-02-22","Sanders","oped","opinion",-0.2,0.0,0.92,0.24
"2020-02-21","Bloomberg","politics","politics",0.27,-0.25,-0.46,-0.15
"2020-02-22","Sanders","politics","politics",0.0,-0.2,-0.46,-0.22
"2020-02-22","Sanders","oped","opinion",-0.2,0.0,0.92,0.24
"2020-02-23","Sanders","u.s.","politics",0.57,0.86,0.86,0.77
"2020-02-23","Sanders","politics","politics",0.78,0.51,0.38,0.56
"2020-02-25","Buttigieg","","other",0.0,0.0,0.0,0.0
"2020-02-23","Sanders","","other",0.57,-0.52,-0.52,-0.16
"2020-02-25","Bloomberg","express","other",0.27,0.0,-0.05,0.07
"2020-02-25","Biden","politics","politics",0.0,0.0,0.0,0.0
"2020-02-25","Biden","politics","politics",0.0,0.0,0.0,0.0
"2020-02-23","Sanders","","other",0.57,-0.52,-0.52,-0.16
"2020-02-24","Warren","business","business",-0.4,0.0,0.49,0.03
"2020-02-23","Sanders","politics","politics",0.0,0.0,0.89,0.3
"2020-02-23","Sanders","oped","opinion",0.0,-0.3,0.77,0.16
"2020-02-24","Sanders","national","politics",-0.75,0.0,0.74,-0.01
"2020-02-24","Sanders","nytnow","other",0.0,0.0,0.0,0.0
"2020-02-24","Sanders","national","politics",-0.75,0.0,0.74,-0.01
"2020-02-25","Sanders","u.s.","politics",0.0,0.27,0.27,0.18
"2020-02-24","Sanders","politics","politics",0.36,0.0,0.0,0.12
"2020-02-24","Sanders","oped","opinion",0.08,0.1,0.63,0.27
"2020-02-25","Sanders","oped","opinion",-0.57,0.66,0.1,0.06
"2020-02-24","Sanders","oped","opinion",0.08,0.1,0.63,0.27
"2020-02-24","Sanders","politics","politics",0.0,0.6,0.0,0.2
"2020-02-26","Sanders","politics","politics",-0.49,-0.69,-0.91,-0.7
"2020-02-27","Bloomberg","oped","opinion",0.0,0.0,0.71,0.24
"2020-02-27","Bloomberg","oped","opinion",0.0,0.0,0.71,0.24
"2020-02-25","Warren","politics","politics",0.08,0.53,0.74,0.45
"2020-02-25","Bloomberg","express","other",0.27,0.0,-0.05,0.07
"2020-02-25","Sanders","business","business",0.74,-0.72,-0.4,-0.13
"2020-02-25","Warren","politics","politics",0.08,0.53,0.74,0.45
"2020-02-25","Bloomberg","express","other",0.27,0.0,-0.05,0.07
"2020-02-25","Buttigieg","","other",0.0,0.0,0.0,0.0
"2020-02-26","Sanders","politics","politics",0.0,0.0,-0.32,-0.11
"2020-02-25","Bloomberg","express","other",0.27,0.0,-0.05,0.07
"2020-02-25","Sanders","business","business",0.74,-0.72,-0.4,-0.13
"2020-02-25","Warren","politics","politics",0.08,0.53,0.74,0.45
"2020-02-27","Bloomberg","oped","opinion",-0.4,-0.72,-0.42,-0.51
"2020-02-27","Bloomberg","washington","politics",0.19,0.08,-0.76,-0.17
"2020-02-26","Sanders","oped","opinion",0.03,0.62,0.0,0.22
"2020-02-25","Biden","politics","politics",0.0,0.0,0.0,0.0
"2020-02-25","Biden","politics","politics",0.0,0.0,0.0,0.0
"2020-02-27","Biden","oped","opinion",0.0,0.71,0.87,0.53
"2020-02-27","Sanders","oped","opinion",0.0,0.66,0.84,0.5
"2020-02-26","Sanders","","other",-0.23,-0.67,-0.67,-0.52
"2020-02-26","Sanders","politics","politics",-0.81,-0.72,0.08,-0.48
"2020-02-25","Sanders","u.s.","politics",0.0,0.27,0.27,0.18
"2020-02-25","Sanders","oped","opinion",0.0,0.44,0.59,0.34
"2020-02-25","Sanders","oped","opinion",-0.57,0.66,0.1,0.06
"2020-02-27","Sanders","nytnow","other",0.0,0.0,0.0,0.0
"2020-02-27","Bloomberg","metro","other",0.0,-0.78,-0.66,-0.48
"2020-02-26","Bloomberg","styles","other",0.0,0.0,0.0,0.0
"2020-02-26","Biden","politics","politics",0.34,0.06,-0.3,0.04
"2020-02-27","Sanders","politics","politics",-0.59,0.4,0.46,0.09
"2020-02-25","Sanders","politics","politics",0.0,-0.1,-0.23,-0.11
"2020-02-26","Bloomberg","styles","other",0.0,0.0,0.0,0.0
"2020-02-26","Bloomberg","styles","other",0.0,0.0,0.0,0.0
"2020-02-27","Biden","politics","politics",0.4,0.32,0.25,0.32
"2020-02-27","Buttigieg","oped","opinion",0.0,0.0,-0.33,-0.11
"2020-02-27","Warren","oped","opinion",0.0,0.0,-0.83,-0.28
"2020-02-26","Biden","politics","politics",0.34,0.06,-0.3,0.04
"2020-02-27","Biden","politics","politics",0.4,0.32,0.25,0.32
"2020-02-27","Buttigieg","oped","opinion",0.0,0.0,-0.33,-0.11
"2020-02-27","Warren","oped","opinion",0.0,0.0,-0.83,-0.28
"2020-02-28","Sanders","politics","politics",-0.6,0.0,0.61,0.0
"2020-02-29","Bloomberg","politics","politics",-0.62,-0.3,-0.2,-0.37
"2020-02-27","Bloomberg","oped","opinion",0.0,0.0,0.71,0.24
"2020-02-29","Bloomberg","politics","politics",-0.62,-0.3,-0.2,-0.37
"2020-02-29","Bloomberg","politics","politics",0.0,0.0,0.64,0.21
"2020-02-27","Bloomberg","washington","politics",0.19,0.08,-0.76,-0.17
"2020-02-27","Bloomberg","oped","opinion",-0.4,-0.72,-0.42,-0.51
"2020-02-28","Warren","business","business",0.0,-0.33,0.53,0.07
"2020-02-28","Warren","politics","politics",0.27,0.71,0.18,0.39
"2020-02-27","Biden","oped","opinion",0.0,0.71,0.87,0.53
"2020-02-27","Sanders","oped","opinion",0.0,0.66,0.84,0.5
"2020-02-27","Bloomberg","u.s.","politics",0.0,0.6,0.6,0.4
"2020-02-27","Sanders","nytnow","other",0.0,0.0,0.0,0.0
"2020-02-27","Sanders","nytnow","other",0.0,0.0,0.0,0.0
"2020-02-28","Warren","politics","politics",0.0,0.83,0.9,0.58
"2020-02-27","Bloomberg","metro","other",0.0,-0.78,-0.66,-0.48
"2020-02-29","Biden","politics","politics",0.0,0.91,-0.3,0.21
"2020-02-28","Sanders","oped","opinion",0.0,0.42,-0.08,0.11
"2020-02-29","Sanders","politics","politics",0.08,-0.32,-0.66,-0.3
"2020-02-27","Sanders","politics","politics",-0.59,0.4,0.46,0.09
"2020-02-28","Sanders","washington","politics",0.49,-0.32,-0.13,0.02
"2020-02-28","Sanders","washington","politics",0.49,-0.32,-0.13,0.02
"2020-02-29","Biden","oped","opinion",0.59,0.54,-0.13,0.33
"2020-02-28","Sanders","oped","opinion",-0.3,0.0,0.27,-0.01
"2020-02-27","Buttigieg","oped","opinion",0.0,0.0,-0.33,-0.11
"2020-02-28","Biden","culture","other",0.0,-0.48,0.0,-0.16
"2020-02-27","Buttigieg","oped","opinion",0.0,0.0,-0.33,-0.11
"2020-02-29","Biden","oped","opinion",0.59,0.54,-0.13,0.33
"2020-02-29","Bloomberg","politics","politics",-0.62,-0.3,-0.2,-0.37
"2020-02-29","Bloomberg","politics","politics",0.0,0.0,0.64,0.21
"2020-03-01","Biden","politics","politics",0.0,0.75,0.44,0.4
"2020-03-01","Buttigieg","politics","politics",0.4,-0.15,0.7,0.32
"2020-02-29","Biden","politics","politics",0.0,0.91,-0.3,0.21
"2020-02-29","Sanders","politics","politics",0.08,-0.32,-0.66,-0.3
"2020-03-01","Biden","","other",0.59,0.7,0.7,0.66
"2020-03-01","Biden","","other",0.59,0.7,0.7,0.66
